City,Date,Highest T,Lowest T,Weather state,Wind direction/ level,24h_rainfall,Body feel T,AQI
上海,2024/9/1,36℃,28℃,阴转晴,东北风转无持续风向 <3级,0mm,41.1℃,88
南京,2024/9/1,38℃,29℃,阴转多云,南风转东南风 <3级转3-4级,0mm,41.9℃,77
无锡,2024/9/1,37℃,27℃,多云转晴,西南风转东南风 <3级,0mm,40.5℃,77
镇江,2024/9/1,36℃,26℃,阴转多云,南风转东北风 <3级,0mm,,105
苏州,2024/9/1,36℃,28℃,小雨转多云,南风转东南风 <3级,0.4mm,41.1℃,106
南通,2024/9/1,35℃,26℃,多云,南风转东南风 3-4级转<3级,0mm,39.8℃,112
扬州,2024/9/1,36℃,28℃,阴转多云,南风转东北风 <3级,0mm,41.8℃,102
盐城,2024/9/1,35℃,25℃,多云转阴,西南风转北风 <3级,0mm,39.4℃,100
徐州,2024/9/1,36℃,25℃,阴转中雨,西风转东北风 3-4级转<3级,0mm,40.9℃,64
淮安,2024/9/1,35℃,26℃,阴转小雨,南风转东北风 <3级转4-5级,0mm,39.9℃,70
连云港,2024/9/1,34℃,26℃,雾转阴,南风转东北风 <3级,1.6mm,38.6℃,55
常州,2024/9/1,36℃,28℃,多云转小雨,南风转北风 3-4级转<3级,0mm,41.1℃,109
泰州,2024/9/1,36℃,27℃,多云,南风转东北风 <3级,0mm,40.6℃,103
宿迁,2024/9/1,36℃,25℃,阴,南风转东北风 <3级,0mm,39.7℃,57
杭州,2024/9/1,38℃,27℃,多云转晴,东风转西风 3-4级,0mm,42.8℃,109
湖州,2024/9/1,37℃,27℃,多云转晴,东北风转东南风 3-4级,0mm,41.4℃,92
嘉兴,2024/9/1,36℃,27℃,多云转晴,南风转东风 <3级转4-5级,0mm,41.9℃,105
宁波,2024/9/1,36℃,27℃,多云,东南风转南风 3-4级,0mm,41.5℃,103
绍兴,2024/9/1,36℃,28℃,多云转晴,东北风转西南风 <3级转3-4级,0mm,41.9℃,60
台州,2024/9/1,35℃,27℃,多云转晴,东南风转西风 3-4级,0mm,40.8℃,53
温州,2024/9/1,35℃,26℃,阴转多云,北风转西北风 <3级转3-4级,0mm,41.2℃,57
丽水,2024/9/1,38℃,25℃,阴转晴,西北风转东风 <3级转3-4级,0mm,40.9℃,46
金华,2024/9/1,38℃,28℃,阴转晴,东北风转东风 3-4级,0mm,41.5℃,73
衢州,2024/9/1,38℃,27℃,阴转晴,西风转东北风 <3级转3-4级,0mm,40.6℃,48
舟山,2024/9/1,34℃,26℃,多云,东南风转南风 <3级转4-5级,0mm,38.7℃,35
合肥,2024/9/1,37℃,29℃,雾转多云,西风转东南风 3-4级转<3级,0mm,39.3℃,59
蚌埠,2024/9/1,36℃,28℃,阴转多云,西风转东北风 3-4级转<3级,0mm,39.6℃,60
芜湖,2024/9/1,37℃,30℃,阴转多云,西南风转东南风 3-4级转<3级,0mm,42.2℃,88
淮南,2024/9/1,36℃,29℃,阴转多云,西南风转北风 3-4级转<3级,0mm,38.5℃,55
马鞍山,2024/9/1,37℃,29℃,雾转多云,东南风 3-4级转<3级,0mm,42.7℃,79
安庆,2024/9/1,37℃,29℃,阴转多云,东南风转南风 3-4级转<3级,0mm,40.2℃,58
宿州,2024/9/1,36℃,26℃,雾转小雨,西南风转东北风 3-4级转4-5级,0mm,41.3℃,62
阜阳,2024/9/1,37℃,28℃,阴转多云,西风转北风 3-4级转<3级,0mm,40.1℃,50
亳州,2024/9/1,36℃,27℃,雾转小雨,西风转北风 <3级转3-4级,0mm,41.7℃,46
黄山,2024/9/1,24℃,21℃,雾转多云,西北风 3-4级转<3级,0mm,24.9℃,49
滁州,2024/9/1,38℃,28℃,阴转多云,西风转东南风 3-4级转<3级,0mm,40℃,69
淮北,2024/9/1,36℃,26℃,雾转小雨,南风转东北风 <3级转4-5级,0mm,39.8℃,63
铜陵,2024/9/1,38℃,30℃,阴转多云,西风转东南风 3-4级转<3级,0mm,42℃,58
宣城,2024/9/1,37℃,28℃,阴转多云,西南风转东风 3-4级转<3级,0mm,41.5℃,46
六安,2024/9/1,38℃,29℃,多云,西南风转东北风 3-4级转<3级,0mm,41.8℃,49
池州,2024/9/1,38℃,28℃,阴转多云,西风转东风 <3级,0mm,42℃,54
上海,2024/9/2,36℃,27℃,阴转小雨,东风转无持续风向 <3级,0mm,41.2℃,89
南京,2024/9/2,34℃,26℃,阴,北风转东北风 3-4级转4-5级,0mm,36.7℃,59
无锡,2024/9/2,36℃,26℃,阴,东北风转北风 3-4级转<3级,0mm,39.6℃,87
镇江,2024/9/2,33℃,25℃,雾转阴,北风转东北风 3-4级转<3级,0.1mm,#NAME?,84
苏州,2024/9/2,36℃,27℃,阴转多云,西北风转东北风 3-4级转<3级,0mm,34.8℃,103
南通,2024/9/2,33℃,26℃,多云转阴,北风 3-4级转<3级,27.7mm,38.2℃,75
扬州,2024/9/2,32℃,24℃,雾转阴,北风 3-4级转<3级,0mm,34.3℃,74
盐城,2024/9/2,27℃,23℃,小雨转晴,北风 3-4级转<3级,4.8mm,30.2℃,54
徐州,2024/9/2,31℃,21℃,阴转多云,东北风 3-4级转<3级,1mm,32℃,52
淮安,2024/9/2,29℃,21℃,阴转多云,东北风转北风 3-4级转<3级,0mm,31.5℃,55
连云港,2024/9/2,29℃,22℃,阴转晴,东北风转北风 3-4级转<3级,3.6mm,30.2℃,50
常州,2024/9/2,34℃,27℃,阴转多云,北风 3-4级转<3级,0mm,38.8℃,92
泰州,2024/9/2,32℃,24℃,阴,北风 3-4级转<3级,0mm,33.6℃,74
宿迁,2024/9/2,30℃,22℃,阴转多云,东风转东北风 3-4级转<3级,0.2mm,32.7℃,55
杭州,2024/9/2,38℃,27℃,阴转多云,东北风转北风 3-4级,0mm,41.5℃,95
湖州,2024/9/2,37℃,27℃,阴转小雨,东北风转北风 3-4级,1mm,41.3℃,78
嘉兴,2024/9/2,35℃,27℃,大雨转多云,南风转东北风 3-4级,16.3mm,34.4℃,98
宁波,2024/9/2,36℃,27℃,多云,东北风转无持续风向 <3级,0mm,40.7℃,112
绍兴,2024/9/2,37℃,27℃,阴转多云,东风转北风 3-4级,0mm,41.3℃,72
台州,2024/9/2,35℃,27℃,多云,东南风转无持续风向 3-4级转<3级,0mm,41.3℃,55
温州,2024/9/2,36℃,26℃,阴转多云,东北风转无持续风向 <3级,0mm,40.9℃,52
丽水,2024/9/2,38℃,25℃,大雨转多云,东北风转无持续风向 4-5级转<3级,20.7mm,42.9℃,49
金华,2024/9/2,38℃,28℃,中雨转晴,北风转东北风 4-5级转3-4级,12.4mm,30.3℃,87
衢州,2024/9/2,36℃,26℃,阴转晴,北风转东北风 3-4级转4-5级,0mm,36.5℃,65
舟山,2024/9/2,35℃,26℃,多云,东南风转南风 <3级转3-4级,0mm,40.4℃,39
合肥,2024/9/2,33℃,24℃,阴,北风转东北风 3-4级,0mm,37℃,50
蚌埠,2024/9/2,29℃,23℃,阴转多云,东风转东北风 3-4级,0mm,30.9℃,55
芜湖,2024/9/2,36℃,26℃,小雨转阴,东风转东北风 3-4级,1.2mm,39.9℃,101
淮南,2024/9/2,30℃,23℃,阴转多云,东北风 3-4级,0mm,31.2℃,55
马鞍山,2024/9/2,36℃,25℃,阴,北风转东北风 3-4级,0mm,39.1℃,102
安庆,2024/9/2,37℃,26℃,阴,北风 3-4级,0mm,37.7℃,70
宿州,2024/9/2,29℃,20℃,阴转多云,东北风 3-4级转<3级,0mm,30.9℃,58
阜阳,2024/9/2,32℃,24℃,雾转多云,北风转东北风 3-4级,0mm,33.4℃,68
亳州,2024/9/2,29℃,22℃,阴转多云,东北风 3-4级,0mm,29.7℃,58
黄山,2024/9/2,25℃,17℃,雾转小雨,西北风转东北风 3-4级转<3级,1.9mm,24.2℃,53
滁州,2024/9/2,31℃,24℃,阴转多云,东北风 3-4级,0mm,32.7℃,68
淮北,2024/9/2,30℃,21℃,阴转多云,东北风转东风 3-4级,0mm,31℃,63
铜陵,2024/9/2,36℃,27℃,阴,北风转东北风 3-4级,0mm,41.5℃,67
宣城,2024/9/2,37℃,25℃,阴,西风转东北风 3-4级,6.6mm,40.5℃,54
六安,2024/9/2,36℃,25℃,阴,东风转东北风 3-4级,0mm,40.4℃,54
池州,2024/9/2,38℃,26℃,阴,北风转东北风 3-4级,0mm,41.1℃,102
上海,2024/9/3,29℃,26℃,中雨转小雨,东风转无持续风向 <3级,3.3mm,32.7℃,33
南京,2024/9/3,30℃,25℃,阴转多云,北风转东风 3-4级转<3级,0mm,32.8℃,45
无锡,2024/9/3,30℃,26℃,阴转多云,东北风转东风 3-4级转<3级,0mm,32℃,49
镇江,2024/9/3,31℃,25℃,阴转多云,北风转东风 3-4级转<3级,0mm,#NAME?,44
苏州,2024/9/3,28℃,27℃,阴,东北风 3-4级转<3级,0mm,32.4℃,39
南通,2024/9/3,29℃,24℃,阴转多云,东北风 3-4级转<3级,0mm,32.3℃,29
扬州,2024/9/3,31℃,24℃,阴转多云,东北风转东风 <3级,0mm,33.8℃,39
盐城,2024/9/3,30℃,21℃,阴转晴,北风 <3级,0mm,32.7℃,39
徐州,2024/9/3,31℃,22℃,晴,东风转东南风 <3级,0mm,32.3℃,65
淮安,2024/9/3,29℃,20℃,晴,北风转东风 <3级,0mm,31.5℃,43
连云港,2024/9/3,28℃,19℃,晴,东风转东南风 <3级,0mm,30.4℃,88
常州,2024/9/3,30℃,26℃,阴,东北风转东风 <3级,0mm,32℃,39
泰州,2024/9/3,30℃,23℃,阴转多云,北风转东风 <3级,0mm,32.6℃,40
宿迁,2024/9/3,29℃,22℃,晴,北风转东风 <3级,0mm,31.8℃,60
杭州,2024/9/3,32℃,26℃,多云,北风转东北风 3-4级,0mm,35.8℃,52
湖州,2024/9/3,30℃,26℃,阴转多云,北风转东风 3-4级,0mm,33.3℃,47
嘉兴,2024/9/3,31℃,27℃,多云,东北风转东南风 3-4级转4-5级,0.1mm,34.5℃,49
宁波,2024/9/3,31℃,27℃,暴雨转多云,西北风转西南风 3-4级,21.5mm,33.2℃,45
绍兴,2024/9/3,32℃,27℃,阴转晴,东北风转东南风 3-4级,0.9mm,36.9℃,77
台州,2024/9/3,33℃,27℃,多云,东风转西北风 3-4级,0mm,37.7℃,40
温州,2024/9/3,35℃,25℃,多云,北风转西北风 <3级转3-4级,0mm,39.3℃,36
丽水,2024/9/3,36℃,26℃,阴转晴,东南风转东风 3-4级,1.4mm,40.3℃,49
金华,2024/9/3,37℃,28℃,阴转晴,东北风转东风 3-4级转4-5级,0mm,40.6℃,92
衢州,2024/9/3,36℃,27℃,阴转晴,东风转东北风 3-4级转4-5级,0mm,39.4℃,65
舟山,2024/9/3,32℃,25℃,小雨转晴,东南风 <3级转4-5级,1.3mm,34.9℃,30
合肥,2024/9/3,32℃,24℃,阴转多云,东北风转东风 3-4级,0mm,35.2℃,41
蚌埠,2024/9/3,31℃,23℃,晴,东风 3-4级转<3级,0mm,32.3℃,48
芜湖,2024/9/3,29℃,27℃,阴,北风转东风 3-4级,0mm,32℃,46
淮南,2024/9/3,31℃,24℃,阴转晴,东北风转东风 3-4级转<3级,0mm,33.6℃,50
马鞍山,2024/9/3,30℃,25℃,阴转多云,东北风转东风 3-4级,0mm,33.3℃,41
安庆,2024/9/3,31℃,25℃,阴,北风转东北风 3-4级转<3级,0mm,34℃,44
宿州,2024/9/3,30℃,22℃,晴转多云,东北风转东风 3-4级转<3级,0mm,32.8℃,52
阜阳,2024/9/3,32℃,24℃,晴,东风 3-4级,0mm,33.5℃,44
亳州,2024/9/3,31℃,23℃,晴,东风转东南风 3-4级转<3级,0mm,33.3℃,54
黄山,2024/9/3,23℃,18℃,雾转阴,西北风转东南风 <3级,0.1mm,25.9℃,52
滁州,2024/9/3,32℃,24℃,阴转多云,东北风转东风 3-4级转<3级,0mm,33.7℃,42
淮北,2024/9/3,31℃,23℃,晴,东风转东南风 <3级转3-4级,0mm,32.4℃,72
铜陵,2024/9/3,30℃,26℃,阴,东北风 3-4级转<3级,0mm,33.5℃,54
宣城,2024/9/3,29℃,26℃,阴,北风转东风 3-4级转<3级,0mm,32.3℃,53
六安,2024/9/3,31℃,25℃,阴转多云,东北风转东风 <3级,0mm,35℃,44
池州,2024/9/3,31℃,25℃,阴,东北风 3-4级转<3级,0mm,33.2℃,49
上海,2024/9/4,34℃,27℃,阴转多云,西北风转无持续风向 <3级,0mm,38.5℃,39
南京,2024/9/4,33℃,26℃,阴转多云,东风 3-4级,0mm,36.6℃,50
无锡,2024/9/4,35℃,26℃,多云转晴,东风转东南风 <3级,0mm,38.9℃,68
镇江,2024/9/4,33℃,26℃,阴转晴,东风转东南风 3-4级转<3级,0mm,#NAME?,107
苏州,2024/9/4,34℃,26℃,多云转晴,东风转东南风 3-4级转<3级,0mm,38℃,48
南通,2024/9/4,33℃,25℃,阴转晴,东风转东南风 3-4级转<3级,0mm,36.8℃,48
扬州,2024/9/4,34℃,26℃,阴转晴,东南风 <3级,0mm,37.4℃,108
盐城,2024/9/4,31℃,25℃,多云转晴,东南风 <3级,0mm,35.2℃,42
徐州,2024/9/4,33℃,26℃,晴转多云,东南风 <3级,0mm,34.8℃,48
淮安,2024/9/4,31℃,24℃,晴,西南风转南风 <3级,0mm,34.9℃,45
连云港,2024/9/4,30℃,24℃,晴,东南风 <3级,0mm,33.3℃,50
常州,2024/9/4,34℃,26℃,阴转晴,东南风 <3级,0mm,38.1℃,60
泰州,2024/9/4,33℃,25℃,阴转晴,东风转东南风 <3级,0mm,36.5℃,79
宿迁,2024/9/4,32℃,26℃,晴,南风转东南风 <3级,0mm,33.7℃,57
杭州,2024/9/4,34℃,27℃,多云转晴,东风 <3级转4-5级,0mm,39.2℃,84
湖州,2024/9/4,34℃,26℃,多云转晴,东风转东南风 <3级转4-5级,0mm,38.1℃,69
嘉兴,2024/9/4,33℃,27℃,雾转晴,东风 3-4级转4-5级,0mm,37.6℃,47
宁波,2024/9/4,34℃,26℃,阴转晴,东南风 <3级转3-4级,0mm,37.2℃,47
绍兴,2024/9/4,34℃,26℃,多云转晴,东北风转东南风 3-4级,0mm,38.2℃,50
台州,2024/9/4,33℃,26℃,阴转晴,东风转西北风 3-4级,0mm,36.4℃,37
温州,2024/9/4,35℃,25℃,阴转晴,北风转西北风 <3级转3-4级,0mm,38.8℃,43
丽水,2024/9/4,36℃,25℃,阴转晴,东北风转东风 <3级转3-4级,0mm,39.2℃,38
金华,2024/9/4,37℃,28℃,阴转晴,东风 <3级转3-4级,0mm,39.9℃,64
衢州,2024/9/4,37℃,27℃,阴转晴,东北风 3-4级转4-5级,0mm,39.1℃,60
舟山,2024/9/4,33℃,25℃,多云转晴,东南风 3-4级转4-5级,0mm,37℃,31
合肥,2024/9/4,34℃,26℃,阴转晴,东南风转东风 <3级,0mm,37.2℃,68
蚌埠,2024/9/4,34℃,26℃,阴转晴,东风转东南风 3-4级转<3级,0mm,36.5℃,53
芜湖,2024/9/4,34℃,27℃,阴转晴,东南风转东风 <3级转3-4级,0mm,37.3℃,51
淮南,2024/9/4,33℃,26℃,阴转晴,东南风 3-4级转<3级,0mm,36.8℃,51
马鞍山,2024/9/4,34℃,27℃,阴转晴,东风转东南风 3-4级,0mm,36.9℃,57
安庆,2024/9/4,35℃,27℃,阴转多云,东北风转北风 <3级,0mm,39.3℃,68
宿州,2024/9/4,33℃,24℃,阴转晴,东风转东南风 3-4级转<3级,0mm,35.6℃,79
阜阳,2024/9/4,34℃,26℃,多云转晴,东南风 3-4级转<3级,0mm,36.2℃,65
亳州,2024/9/4,33℃,26℃,多云,东南风 3-4级转<3级,0mm,35.9℃,53
黄山,2024/9/4,22℃,17℃,雾转多云,东风转东南风 3-4级转<3级,0.1mm,24.4℃,48
滁州,2024/9/4,34℃,26℃,多云,东南风 3-4级转<3级,0mm,37.5℃,94
淮北,2024/9/4,33℃,25℃,晴,东南风 <3级转3-4级,0mm,36.2℃,83
铜陵,2024/9/4,34℃,28℃,阴转多云,北风转东风 3-4级,0mm,39.4℃,70
宣城,2024/9/4,34℃,26℃,阴转晴,东北风转东风 <3级转3-4级,0mm,38.3℃,53
六安,2024/9/4,33℃,26℃,晴转多云,东南风 <3级,0mm,37.4℃,46
池州,2024/9/4,35℃,26℃,阴转多云,北风转东风 <3级,0mm,39.6℃,85
上海,2024/9/5,35℃,27℃,阴,西风转无持续风向 <3级,0mm,38.8℃,37
南京,2024/9/5,35℃,26℃,多云转晴,东北风 3-4级,0mm,37.9℃,75
无锡,2024/9/5,36℃,26℃,晴,东风转东南风 <3级,0mm,39.3℃,67
镇江,2024/9/5,34℃,26℃,多云转晴,北风转东风 3-4级转<3级,0mm,#NAME?,104
苏州,2024/9/5,34℃,26℃,晴,东南风转东风 3-4级转<3级,0mm,38.2℃,89
南通,2024/9/5,34℃,24℃,晴,东北风转东风 3-4级转<3级,0mm,38.7℃,48
扬州,2024/9/5,35℃,26℃,多云,东北风转东风 <3级,0mm,39.5℃,85
盐城,2024/9/5,33℃,26℃,阴转多云,东南风转北风 <3级,1.7mm,38.4℃,47
徐州,2024/9/5,33℃,23℃,阴,北风转东北风 3-4级转<3级,0mm,35.8℃,85
淮安,2024/9/5,33℃,25℃,雾转多云,北风转东北风 <3级,0mm,38.3℃,78
连云港,2024/9/5,34℃,23℃,雾转雷阵雨,东北风 3-4级转4-5级,0mm,37.1℃,69
常州,2024/9/5,35℃,26℃,晴转多云,北风转东南风 <3级,0mm,39.3℃,107
泰州,2024/9/5,34℃,26℃,晴转多云,东北风转东风 <3级,0mm,38.3℃,50
宿迁,2024/9/5,34℃,24℃,阴,北风转东北风 <3级,1.4mm,38.5℃,87
杭州,2024/9/5,36℃,26℃,阴转晴,东风 3-4级转4-5级,0mm,38.6℃,77
湖州,2024/9/5,35℃,25℃,晴,东北风转东南风 3-4级转4-5级,0mm,39.3℃,55
嘉兴,2024/9/5,34℃,26℃,阴转晴,东南风转东风 3-4级转4-5级,0mm,36.2℃,49
宁波,2024/9/5,34℃,26℃,多云转晴,东南风转东风 3-4级,0mm,37.9℃,40
绍兴,2024/9/5,34℃,26℃,晴,东北风转东风 3-4级,0mm,37.3℃,43
台州,2024/9/5,33℃,27℃,多云转晴,东风转北风 3-4级转4-5级,1.9mm,35.2℃,34
温州,2024/9/5,35℃,25℃,阴转小雨,北风 <3级转3-4级,0mm,38.9℃,40
丽水,2024/9/5,36℃,25℃,雾转晴,东南风转东风 3-4级,0mm,39.5℃,37
金华,2024/9/5,38℃,27℃,晴,东北风转东风 3-4级转4-5级,0mm,40℃,48
衢州,2024/9/5,37℃,27℃,晴,东风转东北风 3-4级转5-6级,0mm,39.3℃,45
舟山,2024/9/5,34℃,25℃,多云转雷阵雨,东南风转东风 3-4级转4-5级,0mm,35.8℃,28
合肥,2024/9/5,35℃,26℃,雾转阴,北风转东北风 3-4级,0mm,38.3℃,62
蚌埠,2024/9/5,35℃,25℃,阴,东风转东北风 3-4级,0mm,37.3℃,68
芜湖,2024/9/5,35℃,27℃,多云,东北风转东风 <3级转3-4级,0mm,38.3℃,54
淮南,2024/9/5,35℃,25℃,阴,北风转东北风 3-4级,0mm,39.7℃,80
马鞍山,2024/9/5,36℃,26℃,多云,东风 <3级转3-4级,0mm,39.1℃,68
安庆,2024/9/5,36℃,27℃,阴转晴,北风转东北风 3-4级,0mm,40.2℃,75
宿州,2024/9/5,35℃,22℃,雾转小雨,西北风转东北风 3-4级转4-5级,0mm,38.4℃,75
阜阳,2024/9/5,35℃,24℃,阴转小雨,北风转东北风 4-5级,0mm,38.4℃,88
亳州,2024/9/5,32℃,23℃,多云转阴,北风转东北风 3-4级转4-5级,0mm,30.5℃,94
黄山,2024/9/5,24℃,16℃,多云转晴,东风转东北风 3-4级转<3级,0mm,24.9℃,41
滁州,2024/9/5,35℃,26℃,多云转阴,东风转东北风 3-4级,0mm,39℃,72
淮北,2024/9/5,33℃,22℃,阴,北风转东北风 3-4级转4-5级,0mm,36.7℃,88
铜陵,2024/9/5,35℃,27℃,多云转晴,北风转东风 3-4级,0mm,39.3℃,98
宣城,2024/9/5,35℃,25℃,多云,北风转东风 3-4级,0mm,38.9℃,49
六安,2024/9/5,35℃,26℃,阴,北风转东北风 <3级转3-4级,0mm,40.6℃,72
池州,2024/9/5,36℃,25℃,阴转晴,北风转东风 3-4级,0mm,39.5℃,101
上海,2024/9/6,33℃,27℃,阴转多云,东风转无持续风向 <3级,0mm,38.3℃,54
南京,2024/9/6,33℃,26℃,阴转多云,东北风 3-4级,0mm,35.2℃,48
无锡,2024/9/6,35℃,25℃,多云转晴,东风 3-4级转<3级,0mm,35.9℃,54
镇江,2024/9/6,33℃,26℃,阴转晴,北风转东北风 3-4级转<3级,0mm,#NAME?,49
苏州,2024/9/6,33℃,27℃,多云转晴,东风 3-4级转<3级,0mm,37.2℃,64
南通,2024/9/6,32℃,25℃,阴转晴,东北风转东风 3-4级转<3级,0mm,34.9℃,50
扬州,2024/9/6,31℃,26℃,阴转晴,东北风 <3级,0mm,35.8℃,53
盐城,2024/9/6,29℃,26℃,阴,北风转东北风 3-4级转<3级,0mm,32.5℃,48
徐州,2024/9/6,25℃,23℃,阴转晴,东风 <3级,0.1mm,27.8℃,52
淮安,2024/9/6,27℃,24℃,阴转多云,东北风 3-4级转<3级,0mm,30.6℃,64
连云港,2024/9/6,27℃,22℃,阴转多云,东风转东北风 3-4级转<3级,0.7mm,28.5℃,42
常州,2024/9/6,34℃,26℃,阴转晴,东北风转东风 <3级,0mm,36.9℃,83
泰州,2024/9/6,32℃,25℃,阴转晴,北风转东北风 3-4级转<3级,0mm,36.4℃,38
宿迁,2024/9/6,26℃,23℃,阴转多云,东北风转东风 <3级,0mm,29.9℃,35
杭州,2024/9/6,34℃,24℃,多云转晴,东风 3-4级转4-5级,0mm,37.2℃,59
湖州,2024/9/6,34℃,24℃,多云转晴,东北风转东南风 3-4级,0mm,36.9℃,67
嘉兴,2024/9/6,33℃,25℃,多云转晴,东南风转东风 3-4级转4-5级,0mm,36.6℃,62
宁波,2024/9/6,34℃,24℃,阴转晴,东南风 3-4级,0mm,36.2℃,52
绍兴,2024/9/6,33℃,24℃,多云转晴,北风转东风 3-4级,0mm,37.2℃,46
台州,2024/9/6,32℃,26℃,阴转雷阵雨,东风转无持续风向 3-4级转<3级,0.4mm,35.1℃,46
温州,2024/9/6,32℃,24℃,阴转小雨,东北风转西北风 <3级转3-4级,0.2mm,34.7℃,23
丽水,2024/9/6,34℃,25℃,阴转晴,东南风转东风 3-4级,0mm,36.2℃,26
金华,2024/9/6,36℃,26℃,阴转晴,东北风转东南风 3-4级转4-5级,0mm,39.3℃,62
衢州,2024/9/6,36℃,26℃,阴转晴,东风转东北风 3-4级转5-6级,0mm,37.8℃,46
舟山,2024/9/6,33℃,26℃,多云转晴,东风转东南风 3-4级转4-5级,0mm,36.3℃,48
合肥,2024/9/6,32℃,24℃,雾转多云,北风转东风 3-4级,0mm,35.6℃,59
蚌埠,2024/9/6,26℃,24℃,阴,东北风转东风 3-4级,0mm,28.3℃,64
芜湖,2024/9/6,34℃,26℃,阴转晴,东风转东北风 3-4级,0mm,36.5℃,51
淮南,2024/9/6,27℃,24℃,雾转阴,北风转东风 3-4级,0mm,29.8℃,74
马鞍山,2024/9/6,34℃,25℃,阴转多云,东风转东北风 3-4级,0mm,35.7℃,73
安庆,2024/9/6,36℃,25℃,多云转晴,北风转东北风 3-4级,0mm,37.2℃,49
宿州,2024/9/6,25℃,22℃,阴,东北风转东风 3-4级,0mm,27.2℃,58
阜阳,2024/9/6,27℃,25℃,阴,北风转东风 3-4级,0mm,28.1℃,50
亳州,2024/9/6,25℃,23℃,阴,东北风转东风 3-4级转<3级,0mm,26.4℃,47
黄山,2024/9/6,23℃,16℃,晴,东风转东南风 4-5级转<3级,0mm,22℃,40
滁州,2024/9/6,31℃,25℃,多云转阴,东风 3-4级,0mm,35.2℃,73
淮北,2024/9/6,25℃,23℃,阴,东风 3-4级,0mm,26.6℃,46
铜陵,2024/9/6,34℃,27℃,阴转晴,东北风转东风 3-4级,0mm,36.1℃,53
宣城,2024/9/6,34℃,25℃,阴转晴,东风 3-4级,0mm,36.4℃,45
六安,2024/9/6,30℃,25℃,小雨转多云,北风转东北风 <3级转3-4级,0mm,35.7℃,82
池州,2024/9/6,36℃,24℃,多云转晴,东北风转东风 3-4级,0mm,37.9℃,48
上海,2024/9/7,34℃,27℃,阴转多云,东风转无持续风向 <3级,0mm,38.4℃,54
南京,2024/9/7,34℃,26℃,阴转多云,东南风转东风 3-4级,0mm,36.7℃,60
无锡,2024/9/7,35℃,26℃,多云转晴,东风 3-4级转<3级,0mm,38.2℃,59
镇江,2024/9/7,34℃,26℃,雾转晴,东风 <3级,0mm,#NAME?,113
苏州,2024/9/7,34℃,27℃,多云转晴,东南风转东风 3-4级转<3级,0mm,37.3℃,64
南通,2024/9/7,33℃,24℃,阴转多云,东风转东北风 3-4级转<3级,0mm,37℃,55
扬州,2024/9/7,33℃,25℃,雾转晴,南风转东风 <3级,0.5mm,38.3℃,73
盐城,2024/9/7,31℃,25℃,小雨转多云,北风转东风 <3级,4.7mm,34.8℃,33
徐州,2024/9/7,30℃,24℃,阴转晴,东风 <3级,0mm,33.6℃,54
淮安,2024/9/7,30℃,24℃,阴转晴,东北风转东风 <3级,0mm,34.1℃,34
连云港,2024/9/7,30℃,22℃,阴转晴,东风 3-4级转<3级,0mm,32.3℃,49
常州,2024/9/7,35℃,26℃,阴转多云,东风 <3级,0mm,38℃,62
泰州,2024/9/7,33℃,25℃,阴转晴,东北风 3-4级转<3级,0mm,38.6℃,59
宿迁,2024/9/7,30℃,24℃,阴转晴,东风 <3级,0mm,32.5℃,40
杭州,2024/9/7,35℃,26℃,晴,东北风转东风 3-4级,0mm,38℃,58
湖州,2024/9/7,34℃,26℃,多云转晴,东北风转东风 <3级转4-5级,0mm,37.1℃,69
嘉兴,2024/9/7,33℃,26℃,多云转晴,东南风转东风 3-4级转4-5级,0mm,36.9℃,59
宁波,2024/9/7,35℃,26℃,雾转晴,东风转东南风 3-4级,0mm,38.3℃,46
绍兴,2024/9/7,33℃,26℃,晴,东北风 3-4级,0mm,36.7℃,43
台州,2024/9/7,31℃,25℃,大雨转雷阵雨,东南风转北风 3-4级,28.6mm,35.1℃,45
温州,2024/9/7,33℃,24℃,阴转雷阵雨,东北风转西北风 <3级转3-4级,0mm,37.5℃,31
丽水,2024/9/7,36℃,25℃,阴转晴,西北风转东风 <3级转3-4级,0mm,39.5℃,30
金华,2024/9/7,37℃,28℃,阴转晴,东风 <3级转3-4级,0mm,39.7℃,56
衢州,2024/9/7,36℃,27℃,阴转晴,东北风 3-4级转4-5级,0mm,39.4℃,60
舟山,2024/9/7,32℃,25℃,中雨转晴,东北风转东南风 <3级转4-5级,8.4mm,35.3℃,46
合肥,2024/9/7,34℃,25℃,多云,东北风转东风 3-4级,0mm,36.9℃,53
蚌埠,2024/9/7,32℃,25℃,阴转多云,东北风转东风 3-4级,0mm,37℃,54
芜湖,2024/9/7,34℃,27℃,多云,东北风转东风 3-4级,0mm,36.9℃,59
淮南,2024/9/7,33℃,25℃,阴转多云,东北风转东风 <3级转3-4级,0mm,36.5℃,58
马鞍山,2024/9/7,35℃,26℃,雾转多云,东风 3-4级,0mm,37.9℃,69
安庆,2024/9/7,36℃,26℃,阴转晴,北风转东北风 3-4级,0mm,38.7℃,60
宿州,2024/9/7,31℃,24℃,阴转多云,东风 3-4级,0mm,33.7℃,53
阜阳,2024/9/7,33℃,26℃,雾转多云,东风 3-4级,0mm,36℃,63
亳州,2024/9/7,29℃,26℃,多云转阴,东风 <3级转3-4级,0mm,31.2℃,53
黄山,2024/9/7,22℃,16℃,雾转晴,东风转东南风 3-4级转<3级,0mm,22.3℃,55
滁州,2024/9/7,34℃,25℃,多云,东北风转东风 3-4级,0mm,36.8℃,98
淮北,2024/9/7,30℃,24℃,阴,东风 <3级转3-4级,0mm,34℃,39
铜陵,2024/9/7,35℃,27℃,多云转晴,东北风转东风 3-4级,0mm,37℃,73
宣城,2024/9/7,34℃,25℃,多云,东北风转东风 3-4级,0mm,37.6℃,63
六安,2024/9/7,34℃,25℃,晴,东北风转东风 <3级,0mm,37.6℃,52
池州,2024/9/7,36℃,25℃,阴转晴,北风转东风 3-4级,0mm,39.8℃,80
上海,2024/9/8,35℃,27℃,多云,东北风转无持续风向 <3级,0mm,39.2℃,41
南京,2024/9/8,34℃,26℃,阴转晴,东南风转东风 3-4级转<3级,0mm,35.3℃,52
无锡,2024/9/8,35℃,26℃,多云转晴,东风 3-4级转<3级,0mm,37℃,48
镇江,2024/9/8,34℃,26℃,雾转晴,东风 3-4级转<3级,0mm,#NAME?,62
苏州,2024/9/8,33℃,27℃,雾转多云,东风 3-4级转<3级,0mm,36.1℃,53
南通,2024/9/8,33℃,25℃,阴转晴,东北风转东风 3-4级转<3级,0mm,36.1℃,36
扬州,2024/9/8,34℃,26℃,雾转晴,东风 <3级,0mm,37.2℃,45
盐城,2024/9/8,31℃,24℃,多云转晴,东风 <3级,0mm,34.7℃,35
徐州,2024/9/8,33℃,25℃,阴转晴,东风 <3级,0mm,35.4℃,43
淮安,2024/9/8,31℃,23℃,阴转晴,东风 <3级,0mm,35.5℃,34
连云港,2024/9/8,30℃,22℃,阴转晴,东风转东南风 3-4级转<3级,0mm,32.2℃,43
常州,2024/9/8,34℃,27℃,阴转多云,东风 <3级,2.5mm,37.9℃,58
泰州,2024/9/8,32℃,25℃,阴转晴,东北风转东风 3-4级转<3级,0mm,36℃,42
宿迁,2024/9/8,32℃,24℃,阴转晴,东风 <3级,0mm,36.3℃,35
杭州,2024/9/8,35℃,26℃,多云转晴,东北风转东风 3-4级转4-5级,0mm,36.8℃,46
湖州,2024/9/8,34℃,26℃,多云转晴,东北风转东南风 <3级转4-5级,0mm,36.6℃,57
嘉兴,2024/9/8,33℃,26℃,小雨转雷阵雨,东风 <3级转4-5级,0.5mm,36.7℃,45
宁波,2024/9/8,33℃,26℃,中雨转晴,东南风 3-4级,10.1mm,36.2℃,41
绍兴,2024/9/8,33℃,26℃,阴转晴,北风转东风 3-4级,0mm,35.8℃,42
台州,2024/9/8,32℃,27℃,多云转晴,东风转北风 3-4级,14.2mm,35.2℃,30
温州,2024/9/8,33℃,25℃,小雨转雷阵雨,东北风转无持续风向 3-4级转<3级,1.2mm,36.9℃,27
丽水,2024/9/8,35℃,25℃,阴转晴,东南风转无持续风向 3-4级转<3级,0.7mm,38.9℃,35
金华,2024/9/8,37℃,28℃,阴转晴,东南风 <3级转4-5级,0mm,39.3℃,55
衢州,2024/9/8,37℃,27℃,阴转晴,东风转东北风 3-4级转4-5级,0mm,39.8℃,52
舟山,2024/9/8,34℃,25℃,阴转晴,东北风转东南风 3-4级转4-5级,0mm,36.1℃,45
合肥,2024/9/8,35℃,25℃,雾转晴,东风 3-4级,0mm,37.9℃,59
蚌埠,2024/9/8,34℃,25℃,阴转多云,东风 3-4级,0mm,36.1℃,51
芜湖,2024/9/8,34℃,27℃,多云,东风 3-4级,0mm,35.8℃,65
淮南,2024/9/8,34℃,25℃,雾转多云,东风 3-4级,0mm,35.9℃,54
马鞍山,2024/9/8,34℃,26℃,多云,东风 3-4级,0mm,35.5℃,62
安庆,2024/9/8,36℃,26℃,阴转多云,北风转东北风 3-4级,0mm,38.2℃,65
宿州,2024/9/8,33℃,24℃,雾转多云,东风 3-4级,0mm,36.3℃,48
阜阳,2024/9/8,35℃,26℃,多云转晴,东南风转东风 3-4级,0mm,37.2℃,58
亳州,2024/9/8,33℃,25℃,雾转多云,东南风转东风 3-4级,0mm,36.5℃,46
黄山,2024/9/8,22℃,15℃,雾转晴,东风转东南风 3-4级转<3级,0.2mm,22℃,52
滁州,2024/9/8,33℃,25℃,雾转多云,东风 3-4级,0mm,35.8℃,85
淮北,2024/9/8,33℃,25℃,阴转多云,东风 3-4级,0mm,35.3℃,43
铜陵,2024/9/8,34℃,27℃,多云,东北风转东风 3-4级,0mm,38.3℃,59
宣城,2024/9/8,34℃,25℃,多云,东风 3-4级,0mm,36.3℃,62
六安,2024/9/8,35℃,26℃,雾转晴,东风 3-4级,0mm,38.6℃,51
池州,2024/9/8,36℃,25℃,阴转晴,东北风转东风 3-4级,0mm,38.9℃,60
上海,2024/9/9,35℃,27℃,阴转多云,北风转无持续风向 <3级,0mm,39.4℃,35
南京,2024/9/9,34℃,26℃,阴转多云,东南风转东风 3-4级转4-5级,0mm,35.9℃,42
无锡,2024/9/9,35℃,26℃,多云转晴,东北风 3-4级转<3级,0mm,37.2℃,40
镇江,2024/9/9,34℃,26℃,雾转晴,东风 3-4级转<3级,0mm,#NAME?,49
苏州,2024/9/9,34℃,26℃,多云转晴,东风转东北风 3-4级转<3级,0mm,37℃,38
南通,2024/9/9,33℃,25℃,阴转晴,东南风转东北风 3-4级转<3级,0mm,35.1℃,25
扬州,2024/9/9,34℃,26℃,阴转晴,东风 <3级,0mm,38.2℃,42
盐城,2024/9/9,33℃,24℃,多云转晴,东风转东北风 3-4级转<3级,0mm,36.7℃,30
徐州,2024/9/9,33℃,26℃,阴转晴,东风 <3级,0mm,37.5℃,45
淮安,2024/9/9,32℃,24℃,阴转晴,东南风 3-4级转<3级,0mm,36.8℃,28
连云港,2024/9/9,32℃,23℃,多云转晴,东风转东南风 3-4级转<3级,0mm,35.9℃,37
常州,2024/9/9,35℃,26℃,阴转晴,东北风转东风 <3级,0mm,38.6℃,45
泰州,2024/9/9,33℃,25℃,阴转晴,东北风 <3级,0mm,37.6℃,28
宿迁,2024/9/9,33℃,25℃,阴转晴,东南风转东风 3-4级转<3级,0mm,35.8℃,36
杭州,2024/9/9,35℃,26℃,阴转晴,东风转东北风 3-4级转4-5级,0mm,37.2℃,54
湖州,2024/9/9,34℃,26℃,中雨转晴,东风 3-4级转4-5级,9.1mm,38.9℃,43
嘉兴,2024/9/9,33℃,26℃,阴转晴,东南风转东北风 3-4级转4-5级,0.1mm,36.5℃,38
宁波,2024/9/9,33℃,25℃,大雨转多云,东北风 3-4级转4-5级,18.6mm,38℃,46
绍兴,2024/9/9,33℃,27℃,阴转晴,东北风 3-4级转4-5级,0mm,37.7℃,32
台州,2024/9/9,32℃,26℃,阴转多云,东风转西北风 3-4级转4-5级,0.4mm,35.9℃,58
温州,2024/9/9,35℃,25℃,阴转晴,北风转西风 <3级转3-4级,0mm,39.1℃,46
丽水,2024/9/9,35℃,25℃,阴转晴,东风转东南风 3-4级,0mm,38.7℃,26
金华,2024/9/9,37℃,27℃,阴转晴,东北风转东风 <3级转3-4级,0mm,38.7℃,39
衢州,2024/9/9,36℃,27℃,阴转晴,东北风转东风 3-4级转4-5级,0mm,38.1℃,45
舟山,2024/9/9,34℃,24℃,阴转晴,东北风 3-4级转5-6级,0mm,36.9℃,40
合肥,2024/9/9,35℃,25℃,晴,东风 3-4级,0mm,38.6℃,44
蚌埠,2024/9/9,35℃,26℃,雾转多云,东风 3-4级,0mm,35.3℃,45
芜湖,2024/9/9,35℃,27℃,阴转多云,东北风转东风 3-4级,0mm,37.5℃,47
淮南,2024/9/9,34℃,26℃,阴转晴,东南风转东风 3-4级,0mm,37.1℃,46
马鞍山,2024/9/9,35℃,26℃,阴转多云,东风 3-4级,0mm,37.9℃,50
安庆,2024/9/9,37℃,26℃,阴转晴,北风转东北风 3-4级,0mm,41.4℃,50
宿州,2024/9/9,33℃,24℃,多云,东北风转东南风 3-4级,0mm,37.2℃,38
阜阳,2024/9/9,36℃,26℃,多云转晴,东风 3-4级,0mm,37.4℃,47
亳州,2024/9/9,34℃,26℃,雾转多云,东南风 3-4级,0mm,35.8℃,47
黄山,2024/9/9,22℃,15℃,阴转晴,东风转东南风 3-4级转<3级,0mm,21℃,44
滁州,2024/9/9,34℃,25℃,阴转多云,东风 3-4级,0mm,36.9℃,58
淮北,2024/9/9,33℃,25℃,阴转多云,东南风 3-4级,0mm,37.2℃,42
铜陵,2024/9/9,35℃,27℃,阴转晴,东北风转东风 3-4级,0mm,36.8℃,52
宣城,2024/9/9,35℃,25℃,阴转多云,东风 3-4级,0mm,38.8℃,46
六安,2024/9/9,35℃,26℃,阴转晴,东北风转东风 <3级转3-4级,0mm,37.9℃,52
池州,2024/9/9,36℃,25℃,阴转晴,北风转东风 3-4级,0mm,39.3℃,65
上海,2024/9/10,31℃,27℃,中雨,东北风转无持续风向 <3级,38.8mm,35.2℃,37
南京,2024/9/10,33℃,25℃,阴转中雨,东风转东北风 3-4级转4-5级,0.1mm,36.7℃,40
无锡,2024/9/10,33℃,25℃,阴转暴雨,东风转东北风 3-4级转<3级,3.5mm,35.5℃,38
镇江,2024/9/10,33℃,25℃,雾转中雨,东风转东北风 3-4级转<3级,0.1mm,#NAME?,50
苏州,2024/9/10,31℃,26℃,阴转大雨,东风转东北风 3-4级转4-5级,9.9mm,33.4℃,43
南通,2024/9/10,31℃,26℃,阴转中雨,东北风 3-4级转<3级,23.5mm,33.5℃,34
扬州,2024/9/10,33℃,25℃,阴转中雨,东北风 <3级,0mm,37.7℃,42
盐城,2024/9/10,33℃,25℃,阴转中雨,东北风 <3级,0mm,36.4℃,26
徐州,2024/9/10,34℃,25℃,阴,东风转东北风 <3级,0mm,38.1℃,59
淮安,2024/9/10,33℃,24℃,雾转阴,东北风 <3级转3-4级,0mm,36℃,32
连云港,2024/9/10,32℃,25℃,雾转阴,东风转东北风 3-4级转<3级,0mm,35.6℃,29
常州,2024/9/10,33℃,26℃,阴转大雨,东北风 3-4级转<3级,1.3mm,36.4℃,44
泰州,2024/9/10,32℃,26℃,阴转中雨,东北风 3-4级转<3级,1.6mm,35.7℃,36
宿迁,2024/9/10,33℃,24℃,雾转阴,东南风转东北风 <3级,0mm,38.1℃,49
杭州,2024/9/10,31℃,24℃,阴转中到大雨,东北风转北风 3-4级,10.2mm,33.8℃,50
湖州,2024/9/10,31℃,24℃,阴转大雨,东北风转东风 3-4级转4-5级,13.8mm,36.1℃,52
嘉兴,2024/9/10,31℃,24℃,小雨转大雨,东北风 3-4级转4-5级,55.6mm,33.8℃,47
宁波,2024/9/10,28℃,24℃,大雨,北风转东北风 3-4级,36.6mm,29.6℃,47
绍兴,2024/9/10,29℃,24℃,多云转中雨,东北风转北风 3-4级转4-5级,12.1mm,33.2℃,49
台州,2024/9/10,30℃,26℃,阴转小雨,西北风 3-4级转4-5级,0mm,34.4℃,44
温州,2024/9/10,34℃,26℃,阴转雷阵雨,东北风转西风 <3级转3-4级,0mm,36.5℃,48
丽水,2024/9/10,33℃,25℃,阴转雷阵雨,北风转西南风 3-4级,0.5mm,34.6℃,52
金华,2024/9/10,33℃,25℃,阴转小雨,东北风转西风 3-4级,0mm,35.7℃,67
衢州,2024/9/10,35℃,26℃,阴转雷阵雨,东风转西南风 3-4级,0mm,35.4℃,58
舟山,2024/9/10,28℃,24℃,大暴雨转中到大雨,北风转东南风 3-4级转5-6级,93mm,28℃,33
合肥,2024/9/10,35℃,24℃,阴转中雨,东北风转北风 3-4级,0mm,37.8℃,44
蚌埠,2024/9/10,34℃,24℃,阴转小雨,东风转东北风 3-4级转4-5级,0mm,35.9℃,48
芜湖,2024/9/10,34℃,25℃,阴转暴雨,东北风 3-4级转4-5级,0mm,37.4℃,45
淮南,2024/9/10,35℃,24℃,阴转小雨,东北风 3-4级转4-5级,0mm,38.1℃,48
马鞍山,2024/9/10,34℃,24℃,阴转大雨,东风转东北风 3-4级转4-5级,0mm,35.7℃,45
安庆,2024/9/10,36℃,26℃,阴转小雨,北风 3-4级转4-5级,0mm,38.8℃,55
宿州,2024/9/10,33℃,23℃,雾转多云,东风转东北风 3-4级,0mm,37.9℃,62
阜阳,2024/9/10,36℃,24℃,阴转小雨,东北风转北风 3-4级,5mm,38℃,60
亳州,2024/9/10,35℃,23℃,阴,北风 3-4级,0mm,38.5℃,68
黄山,2024/9/10,23℃,14℃,阴转中雨,东风转北风 3-4级转<3级,0.4mm,21.6℃,44
滁州,2024/9/10,34℃,24℃,阴转小雨,东风转东北风 3-4级转4-5级,0mm,35.7℃,49
淮北,2024/9/10,34℃,23℃,阴转多云,东风转东北风 3-4级,0mm,38℃,62
铜陵,2024/9/10,34℃,25℃,阴转大雨,东北风转北风 3-4级转4-5级,0mm,36.6℃,63
宣城,2024/9/10,33℃,24℃,阴转大雨,东风转东北风 3-4级转4-5级,0.2mm,36℃,67
六安,2024/9/10,36℃,26℃,阴转小雨,东风转东北风 3-4级,0mm,39℃,48
池州,2024/9/10,36℃,24℃,阴转大雨,东北风转北风 3-4级,0mm,38.6℃,55
上海,2024/9/11,32℃,27℃,中雨转小雨,东风转无持续风向 3-4级转<3级,10.4mm,37.4℃,19
南京,2024/9/11,28℃,26℃,大雨转雷阵雨,东北风 5-6级转4-5级,53.5mm,30.6℃,28
无锡,2024/9/11,30℃,26℃,中雨转小雨,东风转东南风 <3级,62.2mm,32℃,20
镇江,2024/9/11,28℃,26℃,大雨转小雨,东北风 3-4级转<3级,54mm,#NAME?,30
苏州,2024/9/11,31℃,27℃,中雨转阵雨,东风转东南风 <3级,87.3mm,34.2℃,16
南通,2024/9/11,30℃,26℃,中雨转多云,东风转东南风 3-4级转<3级,21.5mm,34.6℃,23
扬州,2024/9/11,28℃,25℃,大雨转小雨,东北风转东风 <3级,56.1mm,32.4℃,29
盐城,2024/9/11,28℃,26℃,大雨转中雨,东北风转东风 <3级,301.2mm,31.1℃,30
徐州,2024/9/11,29℃,25℃,小雨,东北风 <3级,0.2mm,32℃,54
淮安,2024/9/11,27℃,25℃,大雨转中雨,东北风 4-5级转3-4级,49.8mm,29.3℃,29
连云港,2024/9/11,28℃,26℃,中雨,东北风转东风 3-4级转<3级,5.9mm,30℃,43
常州,2024/9/11,29℃,26℃,中雨转小雨,东风转东南风 3-4级转<3级,52.5mm,35.9℃,29
泰州,2024/9/11,29℃,26℃,中雨转小雨,东北风转东南风 <3级,95.2mm,33.9℃,32
宿迁,2024/9/11,26℃,24℃,中雨,东北风 <3级,12.3mm,29.7℃,50
杭州,2024/9/11,32℃,25℃,小雨转多云,东北风转西北风 3-4级,46mm,35.2℃,33
湖州,2024/9/11,29℃,24℃,中雨转多云,东风转东南风 4-5级,40.6mm,34.3℃,32
嘉兴,2024/9/11,32℃,26℃,小雨,东风转东南风 4-5级,25mm,34.6℃,51
宁波,2024/9/11,32℃,26℃,小雨转多云,东南风转南风 4-5级,15.1mm,35℃,24
绍兴,2024/9/11,32℃,24℃,多云,北风转南风 3-4级,1mm,34.2℃,39
台州,2024/9/11,35℃,27℃,多云,东南风转南风 4-5级,0mm,36.4℃,51
温州,2024/9/11,35℃,26℃,多云转雷阵雨,东南风转东风 4-5级转3-4级,0mm,38.4℃,45
丽水,2024/9/11,34℃,25℃,阵雨转多云,西北风转东风 3-4级,0.1mm,35.8℃,39
金华,2024/9/11,35℃,26℃,多云,西风转东北风 4-5级转3-4级,0mm,33.5℃,38
衢州,2024/9/11,35℃,25℃,多云,西风 5-6级转3-4级,3.7mm,32.1℃,43
舟山,2024/9/11,31℃,27℃,小雨,东南风转南风 5-6级,2.7mm,35.4℃,28
合肥,2024/9/11,29℃,24℃,暴雨转中雨,北风转东北风 4-5级转3-4级,6mm,27.6℃,32
蚌埠,2024/9/11,29℃,24℃,大雨转小雨,东北风 4-5级转3-4级,5.4mm,28.5℃,52
芜湖,2024/9/11,30℃,25℃,暴雨转小雨,东北风 4-5级转3-4级,33.5mm,31.7℃,32
淮南,2024/9/11,29℃,24℃,大雨转中雨,东北风 4-5级转3-4级,1.4mm,29.4℃,57
马鞍山,2024/9/11,28℃,24℃,暴雨转小雨,东北风 4-5级转3-4级,118.7mm,31.2℃,32
安庆,2024/9/11,29℃,24℃,大雨转小雨,北风转东北风 4-5级转<3级,28.2mm,26.3℃,46
宿州,2024/9/11,29℃,23℃,小雨转中雨,东北风 3-4级,0.6mm,29.9℃,59
阜阳,2024/9/11,30℃,22℃,阴转中雨,北风转东北风 3-4级,0mm,27.8℃,62
亳州,2024/9/11,28℃,22℃,阴转中雨,北风转东北风 3-4级,0mm,25.8℃,65
黄山,2024/9/11,20℃,14℃,小雨转阴,东风转东南风 <3级,38mm,19.4℃,39
滁州,2024/9/11,29℃,24℃,暴雨转小雨,东北风 4-5级转3-4级,9.5mm,28.6℃,32
淮北,2024/9/11,29℃,23℃,小雨,东北风 3-4级,0.3mm,31.7℃,57
铜陵,2024/9/11,29℃,24℃,大雨转小雨,东北风 3-4级,30.5mm,29.9℃,41
宣城,2024/9/11,30℃,24℃,大雨转阴,东北风 3-4级,139.3mm,35.8℃,45
六安,2024/9/11,30℃,23℃,暴雨转大雨,北风转东北风 4-5级转3-4级,9.7mm,26.2℃,68
池州,2024/9/11,29℃,23℃,大雨转小雨,北风转东北风 4-5级转3-4级,60.9mm,28.7℃,44
上海,2024/9/12,33℃,27℃,多云,东北风转无持续风向 <3级,0mm,37.4℃,45
南京,2024/9/12,33℃,27℃,阴转多云,东南风 3-4级转<3级,0.3mm,35.3℃,39
无锡,2024/9/12,34℃,26℃,阴,东南风 3-4级转<3级,0mm,39℃,47
镇江,2024/9/12,33℃,27℃,雾转阴,东南风 3-4级转<3级,0.6mm,#NAME?,44
苏州,2024/9/12,33℃,27℃,阴转多云,东南风 3-4级转<3级,0mm,36.9℃,47
南通,2024/9/12,34℃,26℃,阴转多云,东南风 3-4级转<3级,0.6mm,35.8℃,62
扬州,2024/9/12,34℃,27℃,雾转阴,东南风 3-4级转<3级,2.5mm,37.6℃,49
盐城,2024/9/12,31℃,26℃,小雨转多云,东南风转南风 <3级,0.2mm,35.7℃,41
徐州,2024/9/12,26℃,25℃,小雨,东北风转东风 <3级,4.1mm,28.4℃,50
淮安,2024/9/12,30℃,25℃,小雨转多云,东风转东南风 <3级,39.8mm,34.5℃,30
连云港,2024/9/12,28℃,25℃,小雨,东北风转东风 3-4级转<3级,32.2mm,29.9℃,29
常州,2024/9/12,34℃,27℃,阴转多云,南风转东南风 3-4级转<3级,0mm,38.5℃,42
泰州,2024/9/12,33℃,27℃,阴转多云,南风转东南风 <3级,4.3mm,38.3℃,58
宿迁,2024/9/12,28℃,25℃,小雨转阴,东北风转东南风 <3级,27.6mm,31.3℃,35
杭州,2024/9/12,35℃,26℃,多云,东北风转东南风 3-4级,0mm,39.5℃,60
湖州,2024/9/12,34℃,26℃,阴转多云,东风转东南风 <3级转4-5级,0mm,38.6℃,60
嘉兴,2024/9/12,32℃,27℃,雾转多云,东风转东南风 3-4级转4-5级,0mm,37.3℃,60
宁波,2024/9/12,33℃,25℃,雾转多云,南风 3-4级,0mm,36.8℃,35
绍兴,2024/9/12,34℃,26℃,多云,东风转东南风 3-4级转4-5级,0mm,38.6℃,42
台州,2024/9/12,32℃,26℃,多云,东风转无持续风向 3-4级转<3级,1.2mm,34.8℃,43
温州,2024/9/12,35℃,24℃,雾转小雨,东北风转北风 <3级转3-4级,0.6mm,39.5℃,43
丽水,2024/9/12,36℃,26℃,阴转晴,东风 3-4级,0mm,38.3℃,42
金华,2024/9/12,37℃,27℃,阴转晴,东风转东南风 <3级转4-5级,0mm,40.1℃,52
衢州,2024/9/12,36℃,26℃,阴转晴,东南风转东北风 <3级转3-4级,0mm,39.7℃,49
舟山,2024/9/12,31℃,26℃,多云,南风转东南风 3-4级转5-6级,0mm,35.6℃,33
合肥,2024/9/12,28℃,23℃,阴,西南风转西风 3-4级转<3级,6.3mm,30.2℃,25
蚌埠,2024/9/12,30℃,24℃,小雨转阴,东北风转东风 3-4级转<3级,2mm,33.3℃,31
芜湖,2024/9/12,33℃,26℃,阴,西风转东风 <3级,4.2mm,36.4℃,37
淮南,2024/9/12,28℃,24℃,中雨转阴,北风转东南风 <3级,15.9mm,34℃,32
马鞍山,2024/9/12,32℃,26℃,阴,东南风 3-4级转<3级,44.4mm,36.1℃,35
安庆,2024/9/12,30℃,24℃,小雨转阴,南风转西风 3-4级转<3级,21.6mm,33.8℃,35
宿州,2024/9/12,26℃,23℃,小雨,东北风转东风 3-4级转<3级,1.8mm,28.9℃,53
阜阳,2024/9/12,23℃,23℃,大雨转小雨,北风转东风 4-5级转<3级,42.4mm,24.4℃,43
亳州,2024/9/12,23℃,22℃,小雨,北风转东北风 3-4级,20mm,24.1℃,34
黄山,2024/9/12,17℃,15℃,雾转阴,南风转东南风 3-4级转<3级,0.7mm,17.3℃,37
滁州,2024/9/12,33℃,25℃,阴,东风转东南风 3-4级转<3级,4.2mm,37.1℃,39
淮北,2024/9/12,25℃,23℃,小雨,东北风转东风 3-4级,8.1mm,28.2℃,43
铜陵,2024/9/12,31℃,26℃,阴,西南风转西风 3-4级转<3级,1.5mm,35.3℃,33
宣城,2024/9/12,34℃,25℃,阴,东北风转东南风 <3级,0mm,38.7℃,32
六安,2024/9/12,24℃,23℃,小雨转阴,西风 3-4级转<3级,8.8mm,26.5℃,28
池州,2024/9/12,30℃,24℃,阴转多云,西风 3-4级转<3级,0.9mm,34.5℃,33
上海,2024/9/13,34℃,27℃,晴转多云,东北风转无持续风向 <3级,0mm,39℃,28
南京,2024/9/13,33℃,26℃,小雨转多云,西北风转东南风 <3级转3-4级,0.6mm,37.6℃,47
无锡,2024/9/13,35℃,26℃,多云转晴,东南风 3-4级转<3级,0mm,38.8℃,45
镇江,2024/9/13,34℃,26℃,阴转晴,东南风 3-4级转<3级,0mm,#NAME?,55
苏州,2024/9/13,34℃,26℃,多云,东南风转东风 3-4级转<3级,0mm,38℃,38
南通,2024/9/13,34℃,24℃,晴,东南风转东风 3-4级转<3级,0mm,36.4℃,50
扬州,2024/9/13,33℃,26℃,阴转多云,南风转东南风 <3级,0mm,38.4℃,80
盐城,2024/9/13,33℃,25℃,多云转晴,东南风转南风 <3级,0mm,37.2℃,36
徐州,2024/9/13,32℃,25℃,小雨转多云,西风转东北风 <3级,0mm,35.1℃,100
淮安,2024/9/13,33℃,24℃,雾转中雨,南风转东风 <3级转3-4级,44.1mm,37.1℃,48
连云港,2024/9/13,32℃,25℃,阴转雷阵雨,西北风转北风 3-4级转<3级,25.2mm,37.7℃,35
常州,2024/9/13,34℃,26℃,阴转多云,南风转东南风 3-4级转<3级,0mm,37.7℃,43
泰州,2024/9/13,34℃,25℃,阴转晴,南风转东南风 <3级,0mm,37.8℃,50
宿迁,2024/9/13,33℃,25℃,雾转小雨,西南风转东北风 <3级,8.1mm,36.7℃,55
杭州,2024/9/13,36℃,25℃,多云转晴,东风 3-4级,0mm,39.8℃,45
湖州,2024/9/13,35℃,25℃,多云转晴,南风转东南风 <3级转3-4级,0mm,39.2℃,37
嘉兴,2024/9/13,33℃,26℃,多云转晴,东风 3-4级转4-5级,0mm,37.1℃,39
宁波,2024/9/13,33℃,25℃,多云,东南风转东北风 3-4级,0mm,38.3℃,22
绍兴,2024/9/13,34℃,26℃,阴转晴,东北风转东风 3-4级,0mm,37.2℃,43
台州,2024/9/13,33℃,26℃,多云,东风转北风 3-4级转4-5级,0.1mm,35.9℃,23
温州,2024/9/13,35℃,25℃,多云,北风转西北风 <3级转3-4级,0.1mm,38.2℃,27
丽水,2024/9/13,36℃,26℃,多云,东风 <3级转3-4级,0mm,38.7℃,34
金华,2024/9/13,38℃,27℃,阴转多云,东南风转东风 <3级转3-4级,0mm,40.1℃,41
衢州,2024/9/13,37℃,26℃,阴转晴,东北风 <3级转4-5级,0mm,40℃,50
舟山,2024/9/13,33℃,26℃,多云转晴,东南风转东北风 3-4级转4-5级,0mm,35.4℃,24
合肥,2024/9/13,29℃,23℃,雾转阴,西风转西北风 <3级,0mm,32.2℃,35
蚌埠,2024/9/13,29℃,23℃,雾转阴,西风转北风 <3级,0mm,31.8℃,52
芜湖,2024/9/13,33℃,26℃,阴,西风转东风 <3级,0mm,35.5℃,47
淮南,2024/9/13,28℃,23℃,雾转阴,西风转西北风 <3级,0mm,31.3℃,42
马鞍山,2024/9/13,31℃,25℃,小雨转阴,西风转东风 <3级,1.4mm,37.4℃,59
安庆,2024/9/13,33℃,25℃,雾转阴,西南风转东北风 <3级,0.1mm,36.8℃,42
宿州,2024/9/13,31℃,22℃,雾转阴,南风转东南风 3-4级转<3级,0mm,33.9℃,60
阜阳,2024/9/13,26℃,21℃,雾转阴,西南风转西北风 3-4级转<3级,0.3mm,27.5℃,36
亳州,2024/9/13,24℃,22℃,小雨转阴,西风转北风 <3级,0.2mm,27.5℃,62
黄山,2024/9/13,21℃,15℃,小雨转多云,东风转东北风 3-4级转<3级,6.2mm,20.4℃,37
滁州,2024/9/13,32℃,24℃,小雨转阴,南风转东南风 <3级,2.8mm,38℃,38
淮北,2024/9/13,31℃,23℃,雾转阴,南风转东风 <3级,0.1mm,34.5℃,94
铜陵,2024/9/13,31℃,25℃,小雨转阴,西北风转北风 <3级,0.1mm,35.9℃,44
宣城,2024/9/13,32℃,24℃,阴,北风转东北风 <3级,1.6mm,37.4℃,48
六安,2024/9/13,28℃,23℃,阴,西北风 <3级,0mm,31.4℃,32
池州,2024/9/13,31℃,24℃,雾转阴,北风转东北风 <3级,0mm,34.8℃,54
上海,2024/9/14,34℃,27℃,阴,无持续风向转东北风 <3级转3-4级,0mm,37.3℃,31
南京,2024/9/14,33℃,26℃,多云,北风转东北风 <3级转3-4级,2.1mm,36.9℃,50
无锡,2024/9/14,34℃,26℃,多云转阴,东北风 <3级,0mm,37.2℃,57
镇江,2024/9/14,34℃,26℃,晴转多云,东北风 <3级,10.6mm,#NAME?,88
苏州,2024/9/14,33℃,26℃,多云,东北风转北风 <3级,0mm,38.2℃,39
南通,2024/9/14,32℃,26℃,晴转多云,东北风 <3级转3-4级,0mm,36.9℃,28
扬州,2024/9/14,33℃,26℃,晴转多云,东北风 <3级,0mm,37.2℃,55
盐城,2024/9/14,31℃,25℃,中雨转小雨,东北风 <3级,74.3mm,38.6℃,52
徐州,2024/9/14,28℃,21℃,小雨转多云,东北风 <3级,5.6mm,35.9℃,128
淮安,2024/9/14,30℃,24℃,多云转阴,东北风 <3级,0.6mm,34.5℃,53
连云港,2024/9/14,29℃,22℃,小雨转多云,东北风 <3级,27.9mm,32.4℃,44
常州,2024/9/14,34℃,26℃,多云,东风转东北风 <3级,0mm,38.6℃,102
泰州,2024/9/14,33℃,26℃,晴转多云,东风转东北风 <3级,0.6mm,37℃,50
宿迁,2024/9/14,29℃,21℃,小雨转多云,东北风 <3级,6.9mm,35.6℃,77
杭州,2024/9/14,33℃,26℃,多云,东北风转北风 4-5级,0mm,37.4℃,39
湖州,2024/9/14,33℃,26℃,多云,东北风转北风 4-5级,0mm,36.5℃,43
嘉兴,2024/9/14,33℃,27℃,多云,东北风转北风 4-5级,0mm,36.9℃,37
宁波,2024/9/14,32℃,27℃,多云,东北风转北风 4-5级,0mm,34.1℃,27
绍兴,2024/9/14,32℃,26℃,多云,东北风转北风 4-5级,0mm,36.2℃,41
台州,2024/9/14,29℃,26℃,小雨,东北风转西北风 4-5级,48.7mm,34.5℃,34
温州,2024/9/14,31℃,25℃,中到大雨转小雨,西北风 3-4级,9.4mm,33℃,38
丽水,2024/9/14,35℃,25℃,雷阵雨,东风转北风 4-5级转3-4级,0mm,36.2℃,41
金华,2024/9/14,36℃,27℃,晴,东北风 4-5级,0mm,34.6℃,49
衢州,2024/9/14,36℃,26℃,晴,东北风 4-5级,0mm,35.3℃,55
舟山,2024/9/14,31℃,26℃,小雨转多云,东北风转北风 5-6级转6-7级,0mm,32.5℃,21
合肥,2024/9/14,31℃,23℃,小雨,北风转东北风 <3级转3-4级,0mm,30.9℃,55
蚌埠,2024/9/14,31℃,22℃,阴转小雨,东北风 3-4级,0mm,33.2℃,68
芜湖,2024/9/14,32℃,25℃,多云,东北风 <3级,0mm,35.8℃,57
淮南,2024/9/14,31℃,23℃,阴转小雨,东北风 <3级转3-4级,0mm,31.8℃,62
马鞍山,2024/9/14,31℃,24℃,多云,北风转东北风 <3级,10.4mm,37.4℃,60
安庆,2024/9/14,31℃,24℃,阴转多云,东北风 3-4级转<3级,0mm,31.2℃,49
宿州,2024/9/14,30℃,20℃,小雨,东北风 4-5级转3-4级,0mm,35.1℃,78
阜阳,2024/9/14,30℃,21℃,阴转小雨,北风转东北风 <3级转4-5级,0mm,32.6℃,64
亳州,2024/9/14,29℃,19℃,小雨,东北风 3-4级,0.1mm,29.9℃,72
黄山,2024/9/14,21℃,15℃,多云,东北风 3-4级转4-5级,0.2mm,21℃,36
滁州,2024/9/14,30℃,24℃,阴,北风转东北风 3-4级,0mm,35.3℃,58
淮北,2024/9/14,29℃,20℃,小雨,东北风 3-4级,0mm,35.4℃,94
铜陵,2024/9/14,31℃,25℃,阴转多云,北风转东北风 3-4级转<3级,0mm,31.5℃,63
宣城,2024/9/14,33℃,24℃,多云,东北风转北风 <3级,0mm,38.2℃,53
六安,2024/9/14,29℃,23℃,多云转小雨,北风转东北风 <3级转3-4级,0mm,33.1℃,46
池州,2024/9/14,31℃,24℃,阴转多云,北风转东北风 <3级转3-4级,0mm,32.4℃,62
上海,2024/9/15,32℃,27℃,阴转大雨,东北风 3-4级,8.9mm,37.2℃,30
南京,2024/9/15,30℃,24℃,阴,东北风转北风 4-5级转5-6级,0.1mm,32℃,33
无锡,2024/9/15,34℃,27℃,阴转中雨,东北风转北风 <3级转5-6级,0mm,33℃,33
镇江,2024/9/15,32℃,25℃,阴,东北风转北风 3-4级,0mm,#NAME?,37
苏州,2024/9/15,32℃,26℃,阴转暴雨,东北风转北风 5-6级转7-8级,1.1mm,34.3℃,33
南通,2024/9/15,32℃,27℃,阴转中雨,东北风 3-4级转6-7级,1.6mm,32.8℃,29
扬州,2024/9/15,31℃,24℃,阴转多云,东北风转北风 3-4级转<3级,0mm,32.9℃,38
盐城,2024/9/15,28℃,26℃,雾转阴,东北风 <3级,1.7mm,28.5℃,39
徐州,2024/9/15,27℃,20℃,阴转晴,东北风 <3级,25.3mm,24℃,54
淮安,2024/9/15,27℃,22℃,阴转晴,东北风转北风 4-5级,0.1mm,25.4℃,42
连云港,2024/9/15,26℃,22℃,阴转晴,东北风转北风 <3级,0mm,27.2℃,43
常州,2024/9/15,33℃,26℃,阴转中雨,东北风转北风 3-4级转4-5级,0mm,34.6℃,34
泰州,2024/9/15,32℃,25℃,阴转小雨,东北风转北风 3-4级,0.1mm,33.2℃,36
宿迁,2024/9/15,26℃,21℃,阴转晴,东北风转北风 <3级,0.1mm,27.4℃,35
杭州,2024/9/15,32℃,24℃,阴转中雨,东北风转西北风 4-5级转7-8级,3.3mm,33.5℃,30
湖州,2024/9/15,31℃,25℃,阴转小雨,东北风转西北风 4-5级转5-6级,0.9mm,34.2℃,29
嘉兴,2024/9/15,32℃,25℃,阴转中雨,北风转西北风 5-6级转7-8级,3mm,34.7℃,29
宁波,2024/9/15,31℃,25℃,阴转小到中雨,北风转西风 5-6级,3.4mm,32.9℃,24
绍兴,2024/9/15,31℃,25℃,阴转小到中雨,北风转西风 4-5级转7-8级,3.9mm,33.1℃,42
台州,2024/9/15,34℃,27℃,阴转多云,北风转西北风 5-6级转4-5级,3.5mm,36.3℃,22
温州,2024/9/15,33℃,26℃,阴转多云,北风转西风 3-4级,0.6mm,37.3℃,31
丽水,2024/9/15,32℃,25℃,阴转雷阵雨,东北风转西风 3-4级,9mm,33.4℃,41
金华,2024/9/15,34℃,26℃,阴转多云,东北风转西风 4-5级,0.1mm,31.4℃,44
衢州,2024/9/15,35℃,26℃,阴转多云,东北风 5-6级转4-5级,0.1mm,33.2℃,52
舟山,2024/9/15,30℃,25℃,阴转大到暴雨,北风转南风 6-7级转9-10级,8.1mm,32.6℃,23
合肥,2024/9/15,27℃,21℃,阴转多云,东北风 3-4级,0mm,27.8℃,49
蚌埠,2024/9/15,26℃,21℃,阴转多云,东北风 3-4级,9.8mm,25.1℃,50
芜湖,2024/9/15,32℃,24℃,阴,东北风转北风 4-5级,0mm,36.2℃,47
淮南,2024/9/15,26℃,21℃,阴转多云,东北风 3-4级,0mm,26.1℃,62
马鞍山,2024/9/15,30℃,23℃,阴,东北风转北风 3-4级转4-5级,0.1mm,35.1℃,46
安庆,2024/9/15,32℃,23℃,阴,东北风转北风 3-4级转4-5级,0mm,35.4℃,52
宿州,2024/9/15,26℃,19℃,阴转多云,东北风 3-4级,6.1mm,20.4℃,54
阜阳,2024/9/15,27℃,19℃,阴转多云,东北风 3-4级转<3级,0.3mm,22.4℃,63
亳州,2024/9/15,26℃,20℃,阴转多云,北风 3-4级,0.8mm,24.4℃,40
黄山,2024/9/15,20℃,14℃,阴转小雨,东北风 5-6级转3-4级,1.5mm,15.7℃,42
滁州,2024/9/15,28℃,22℃,阴转多云,东北风转北风 3-4级,0mm,29.1℃,52
淮北,2024/9/15,26℃,20℃,阴转多云,东北风 3-4级,26.9mm,23.3℃,46
铜陵,2024/9/15,31℃,23℃,阴,东北风 3-4级转4-5级,0mm,33.1℃,60
宣城,2024/9/15,32℃,24℃,阴,东北风转西北风 3-4级,4.2mm,34.9℃,40
六安,2024/9/15,27℃,21℃,雾转阴,北风转东北风 3-4级转<3级,0mm,29.8℃,74
池州,2024/9/15,31℃,23℃,阴,东北风 4-5级,0mm,35.1℃,47
上海,2024/9/16,27℃,26℃,阴转小雨,东南风转无持续风向 7-8级转<3级,124.8mm,31℃,28
南京,2024/9/16,29℃,24℃,阴转暴雨,北风转南风 7-8级,52.9mm,26.6℃,42
无锡,2024/9/16,28℃,26℃,阴转小雨,东南风 5-6级转<3级,229.4mm,27.1℃,28
镇江,2024/9/16,28℃,25℃,阴转暴雨,东风转东南风 5-6级,78.2mm,#NAME?,31
苏州,2024/9/16,27℃,25℃,阴转小雨,西南风转东南风 11-12级转6-7级,155.4mm,26.4℃,27
南通,2024/9/16,28℃,26℃,阴转多云,东风转东南风 6-7级转4-5级,31.6mm,24.6℃,27
扬州,2024/9/16,29℃,25℃,阴转暴雨,东北风转东南风 4-5级,37.1mm,29.9℃,32
盐城,2024/9/16,29℃,27℃,阴转多云,东北风转东风 3-4级,13.7mm,33.4℃,31
徐州,2024/9/16,28℃,24℃,晴转小雨,东北风 <3级转3-4级,0mm,30.5℃,59
淮安,2024/9/16,28℃,25℃,阴转小雨,东北风转东风 4-5级转<3级,0mm,29.8℃,40
连云港,2024/9/16,27℃,26℃,阴转小雨,东北风转东风 <3级,1.1mm,31.6℃,50
常州,2024/9/16,28℃,26℃,阴转中雨,东风转东南风 7-8级转3-4级,158.3mm,29.1℃,30
泰州,2024/9/16,29℃,26℃,阴转小雨,东北风转东南风 4-5级转3-4级,43.9mm,29.5℃,34
宿迁,2024/9/16,29℃,25℃,阴转中雨,东北风 <3级转3-4级,0mm,31℃,44
杭州,2024/9/16,28℃,25℃,阴转雷阵雨,西南风转东南风 5-6级转3-4级,27mm,30.2℃,24
湖州,2024/9/16,26℃,25℃,阴转雷阵雨,西北风转东南风 5-6级转4-5级,32.2mm,25.5℃,29
嘉兴,2024/9/16,26℃,26℃,阴转多云,西风转东南风 6-7级转5-6级,91.8mm,25.5℃,25
宁波,2024/9/16,29℃,25℃,阴转雷阵雨,南风 5-6级转4-5级,16.7mm,32.6℃,28
绍兴,2024/9/16,27℃,26℃,阴转多云,西南风转东南风 4-5级,8.8mm,32.4℃,41
台州,2024/9/16,33℃,27℃,阴转雷阵雨,东南风转无持续风向 4-5级转<3级,0.7mm,35.5℃,30
温州,2024/9/16,34℃,26℃,阴转雷阵雨,东南风 4-5级转3-4级,9.2mm,40.6℃,36
丽水,2024/9/16,34℃,26℃,雾转多云,东南风转东风 4-5级转3-4级,0mm,38.9℃,33
金华,2024/9/16,36℃,28℃,阴转晴,西风转东风 4-5级,0mm,35.9℃,58
衢州,2024/9/16,34℃,26℃,阴转晴,西南风转东北风 4-5级,0mm,37.6℃,53
舟山,2024/9/16,30℃,26℃,阴转小雨,南风转东南风 6-7级转5-6级,30.7mm,32.7℃,21
合肥,2024/9/16,28℃,22℃,雾转中雨,北风转西北风 4-5级转5-6级,0.1mm,31℃,42
蚌埠,2024/9/16,29℃,23℃,阴转中雨,北风转东北风 4-5级转5-6级,0.4mm,33.7℃,49
芜湖,2024/9/16,30℃,24℃,阴转暴雨,北风转西风 6-7级转4-5级,12.9mm,28.4℃,42
淮南,2024/9/16,29℃,24℃,阴转中雨,北风转东北风 4-5级转5-6级,0mm,30.5℃,51
马鞍山,2024/9/16,29℃,23℃,阴转大暴雨,东北风转南风 6-7级,15.1mm,28.4℃,42
安庆,2024/9/16,31℃,24℃,阴转小雨,北风转西南风 4-5级转3-4级,0.1mm,32.7℃,40
宿州,2024/9/16,30℃,24℃,阴转小雨,东北风转东风 3-4级转4-5级,0mm,31.7℃,73
阜阳,2024/9/16,30℃,22℃,阴转小雨,北风 3-4级转5-6级,0mm,31.5℃,57
亳州,2024/9/16,29℃,23℃,阴转小雨,北风 3-4级转5-6级,0mm,30.2℃,59
黄山,2024/9/16,16℃,16℃,阴,西北风转南风 5-6级转<3级,18.7mm,10.2℃,35
滁州,2024/9/16,29℃,23℃,阴转大暴雨,北风转东风 5-6级转6-7级,18.9mm,27.7℃,37
淮北,2024/9/16,30℃,24℃,晴转小雨,北风转东北风 3-4级转5-6级,0mm,30.8℃,57
铜陵,2024/9/16,30℃,24℃,阴转大雨,西北风转西南风 6-7级转4-5级,4.9mm,27.4℃,49
宣城,2024/9/16,28℃,24℃,阴转大雨,西北风转西南风 6-7级转5-6级,35mm,28.1℃,33
六安,2024/9/16,28℃,22℃,多云转小雨,北风转西风 3-4级转5-6级,2.7mm,31.5℃,48
池州,2024/9/16,29℃,24℃,阴转小雨,西北风转西风 5-6级转4-5级,1.5mm,31.5℃,38
上海,2024/9/17,32℃,27℃,阴转小雨,东南风转无持续风向 3-4级转<3级,0mm,37.9℃,35
南京,2024/9/17,31℃,26℃,阴转多云,东风转东南风 4-5级,80.7mm,35.8℃,27
无锡,2024/9/17,33℃,25℃,阴转晴,东南风 <3级,0.6mm,36.6℃,37
镇江,2024/9/17,33℃,25℃,阴转多云,东南风 <3级,30.7mm,#NAME?,28
苏州,2024/9/17,32℃,26℃,阴转多云,东南风转东风 <3级,0mm,34.6℃,27
南通,2024/9/17,32℃,24℃,阴转多云,东南风转东风 <3级,0mm,35.1℃,22
扬州,2024/9/17,32℃,25℃,阴转多云,东南风 <3级,32.1mm,37.8℃,34
盐城,2024/9/17,31℃,26℃,阴转多云,东风转东南风 <3级,3.3mm,36.3℃,34
徐州,2024/9/17,26℃,24℃,阴转中雨,东风 3-4级转<3级,134.3mm,33.6℃,55
淮安,2024/9/17,31℃,24℃,阴转多云,东风 5-6级转<3级,2.5mm,35.3℃,29
连云港,2024/9/17,30℃,25℃,阴转多云,东风 <3级,2.1mm,33.1℃,21
常州,2024/9/17,33℃,26℃,阴转多云,东南风 3-4级,6.8mm,37.9℃,30
泰州,2024/9/17,32℃,25℃,阴转晴,东南风 <3级,2.7mm,37.1℃,35
宿迁,2024/9/17,29℃,25℃,阴,东风 3-4级转<3级,13.5mm,32.9℃,26
杭州,2024/9/17,34℃,25℃,阴转晴,东风 4-5级,0mm,35.7℃,22
湖州,2024/9/17,33℃,25℃,阴转晴,东南风 4-5级,0.1mm,37.9℃,26
嘉兴,2024/9/17,33℃,26℃,阴转晴,东风 5-6级转4-5级,0.1mm,36.3℃,28
宁波,2024/9/17,33℃,24℃,阴转晴,东南风 4-5级转3-4级,2mm,36.4℃,22
绍兴,2024/9/17,35℃,25℃,阴转晴,东风 4-5级转3-4级,0.3mm,36.6℃,43
台州,2024/9/17,33℃,25℃,阴转晴,东风 5-6级转4-5级,6.5mm,35.2℃,30
温州,2024/9/17,33℃,25℃,阴转晴,东南风转东风 4-5级转3-4级,38.6mm,39.3℃,26
丽水,2024/9/17,35℃,25℃,阴转晴,东南风转东风 4-5级转3-4级,6mm,31.9℃,24
金华,2024/9/17,38℃,26℃,阴转晴,东风 4-5级,1.3mm,38.3℃,58
衢州,2024/9/17,38℃,26℃,阴转晴,东北风 5-6级转4-5级,1.4mm,37.8℃,33
舟山,2024/9/17,32℃,26℃,阴转晴,东南风转东风 5-6级转6-7级,4.7mm,33℃,21
合肥,2024/9/17,25℃,24℃,阴转小雨,南风转东南风 3-4级,37.3mm,26.2℃,29
蚌埠,2024/9/17,26℃,24℃,阴转小雨,东南风 5-6级转4-5级,48.7mm,25.5℃,26
芜湖,2024/9/17,33℃,26℃,阴转多云,东风 <3级转4-5级,67.5mm,36.8℃,33
淮南,2024/9/17,25℃,23℃,阴转小雨,东南风 4-5级转3-4级,58.4mm,23.4℃,34
马鞍山,2024/9/17,32℃,25℃,阴转多云,东风转东南风 3-4级转4-5级,124.1mm,35.9℃,39
安庆,2024/9/17,33℃,25℃,阴,南风转东北风 3-4级转<3级,0mm,33.5℃,51
宿州,2024/9/17,27℃,23℃,阴转大雨,东风转东南风 5-6级转4-5级,64.6mm,27.2℃,40
阜阳,2024/9/17,26℃,23℃,阴转小雨,北风转南风 5-6级转3-4级,8.1mm,27.5℃,54
亳州,2024/9/17,27℃,22℃,阴转暴雨,东北风转东风 5-6级转4-5级,16.9mm,27.3℃,58
黄山,2024/9/17,22℃,16℃,雾转多云,东南风 3-4级转<3级,0.4mm,20.1℃,29
滁州,2024/9/17,31℃,25℃,阴,南风转东南风 3-4级转4-5级,66.5mm,30.1℃,35
淮北,2024/9/17,26℃,24℃,阴转暴雨,东北风转东风 4-5级,115mm,27.7℃,54
铜陵,2024/9/17,32℃,26℃,阴,南风转东风 <3级,19.6mm,36.9℃,44
宣城,2024/9/17,34℃,25℃,阴转多云,东南风转东风 3-4级,0.2mm,37.6℃,27
六安,2024/9/17,25℃,24℃,阴,西南风转东南风 3-4级转<3级,35.2mm,27.5℃,50
池州,2024/9/17,33℃,25℃,阴,西南风转东风 <3级,0.4mm,35.9℃,37
上海,2024/9/18,33℃,26℃,阴转晴,东风转东北风 3-4级,0.2mm,36.6℃,29
南京,2024/9/18,33℃,26℃,阴转多云,东风 5-6级转4-5级,0mm,32.1℃,34
无锡,2024/9/18,33℃,27℃,多云转晴,东风转东北风 <3级,0mm,36.2℃,38
镇江,2024/9/18,33℃,26℃,阴转晴,东风转东北风 <3级,0mm,#NAME?,42
苏州,2024/9/18,32℃,27℃,多云,东风转东北风 <3级转4-5级,0mm,34.4℃,33
南通,2024/9/18,32℃,26℃,阴转晴,东风 <3级转3-4级,0mm,33.6℃,22
扬州,2024/9/18,32℃,25℃,阴转晴,东南风转东北风 <3级,0mm,35.6℃,41
盐城,2024/9/18,33℃,26℃,阴转晴,东风 <3级,0mm,34.9℃,21
徐州,2024/9/18,29℃,23℃,阴转多云,东南风转东风 <3级,72.6mm,31.2℃,28
淮安,2024/9/18,31℃,25℃,阴转晴,东风转东北风 <3级转4-5级,0mm,34.6℃,22
连云港,2024/9/18,31℃,25℃,多云,东风 <3级,0mm,34.5℃,22
常州,2024/9/18,33℃,27℃,阴转多云,东风转东北风 3-4级转<3级,0mm,36.7℃,39
泰州,2024/9/18,33℃,26℃,阴转晴,东风转东北风 <3级,0mm,35.8℃,27
宿迁,2024/9/18,31℃,25℃,阴转晴,东南风转东北风 <3级,0mm,33.9℃,26
杭州,2024/9/18,32℃,25℃,多云转小雨,东风转东北风 4-5级,0mm,36.3℃,33
湖州,2024/9/18,31℃,25℃,多云转小雨,东风转东北风 4-5级,0mm,36.9℃,30
嘉兴,2024/9/18,32℃,26℃,多云转小雨,东风转东北风 5-6级,0mm,34.2℃,28
宁波,2024/9/18,32℃,25℃,阴转小到中雨,东风转东北风 4-5级,1.6mm,34.4℃,30
绍兴,2024/9/18,33℃,25℃,阴转小雨,东北风 4-5级,1.2mm,35.4℃,36
台州,2024/9/18,31℃,24℃,阴转大雨,东北风转北风 5-6级转4-5级,7.5mm,35.8℃,28
温州,2024/9/18,33℃,25℃,阴转小到中雨,东风转西风 3-4级,0.9mm,37.7℃,46
丽水,2024/9/18,36℃,25℃,雾转小雨,东风 4-5级转3-4级,0mm,36.1℃,40
金华,2024/9/18,36℃,26℃,阴转小雨,东北风 5-6级转4-5级,0mm,37.6℃,42
衢州,2024/9/18,36℃,26℃,阴转多云,东北风 5-6级转4-5级,0mm,35.6℃,42
舟山,2024/9/18,32℃,26℃,阴转中雨,东风转东北风 5-6级,4.1mm,30.7℃,27
合肥,2024/9/18,31℃,24℃,雾转多云,东风 3-4级,8.9mm,35.4℃,38
蚌埠,2024/9/18,31℃,24℃,阴转多云,东风 3-4级,2.4mm,35.6℃,38
芜湖,2024/9/18,32℃,26℃,多云转阴,东风 3-4级,0mm,35.2℃,37
淮南,2024/9/18,31℃,24℃,阴转多云,东风 3-4级,0.4mm,31.8℃,48
马鞍山,2024/9/18,31℃,25℃,多云转阴,东南风转东风 3-4级,0mm,34.9℃,41
安庆,2024/9/18,34℃,25℃,多云,东风转东北风 3-4级,0mm,37.6℃,48
宿州,2024/9/18,29℃,23℃,阴转小雨,东风 3-4级,106.8mm,31.7℃,38
阜阳,2024/9/18,29℃,23℃,阴转小雨,东风 3-4级,7.6mm,26.6℃,49
亳州,2024/9/18,26℃,22℃,阴转中雨,东风 3-4级,43mm,28℃,23
黄山,2024/9/18,22℃,16℃,多云,东风转东北风 <3级,0.1mm,23.9℃,43
滁州,2024/9/18,30℃,25℃,阴,东风 3-4级,0mm,35.3℃,40
淮北,2024/9/18,28℃,23℃,阴,东风 3-4级,191mm,29.6℃,28
铜陵,2024/9/18,33℃,26℃,雾转多云,东风 3-4级,0mm,38.5℃,53
宣城,2024/9/18,33℃,26℃,多云转阴,东风 3-4级,0mm,36.8℃,41
六安,2024/9/18,30℃,23℃,多云,东风 3-4级,0.2mm,33.9℃,42
池州,2024/9/18,33℃,25℃,雾转多云,东风 3-4级转4-5级,0mm,38.3℃,56
上海,2024/9/19,31℃,26℃,阴转中雨,东北风转东南风 4-5级转3-4级,10.5mm,35.4℃,36
南京,2024/9/19,32℃,27℃,阴转雷阵雨,东北风转北风 5-6级,0mm,34.9℃,29
无锡,2024/9/19,32℃,27℃,多云转阴,东北风转东风 3-4级转<3级,2.1mm,34.3℃,25
镇江,2024/9/19,32℃,26℃,阴转小雨,东北风转北风 <3级,7.7mm,#NAME?,28
苏州,2024/9/19,31℃,26℃,阴转暴雨,东北风转南风 7-8级,0.9mm,33.2℃,28
南通,2024/9/19,30℃,26℃,阴转小雨,东风转东南风 3-4级转5-6级,5mm,31.2℃,22
扬州,2024/9/19,32℃,26℃,阴转小雨,东北风 <3级,0.5mm,34.2℃,29
盐城,2024/9/19,32℃,26℃,阴转小雨,东风转东北风 <3级,0.5mm,33.2℃,20
徐州,2024/9/19,31℃,25℃,阴转多云,东风转东北风 <3级,0mm,35.4℃,38
淮安,2024/9/19,31℃,25℃,阴转多云,东风转东北风 <3级转4-5级,0.3mm,34.9℃,23
连云港,2024/9/19,31℃,27℃,阴转多云,东风转东北风 <3级,0mm,34.6℃,20
常州,2024/9/19,31℃,26℃,阴转小雨,东北风 <3级,2.8mm,35.3℃,28
泰州,2024/9/19,31℃,26℃,阴转小雨,东北风 <3级,7mm,32.8℃,24
宿迁,2024/9/19,32℃,26℃,雾转多云,东北风 <3级,0mm,36.6℃,38
杭州,2024/9/19,29℃,25℃,阴转雷阵雨,东北风转西北风 4-5级转3-4级,11.5mm,33.5℃,24
湖州,2024/9/19,30℃,25℃,阴转大雨,东北风转东南风 4-5级转3-4级,18.3mm,33.5℃,25
嘉兴,2024/9/19,30℃,25℃,阴转中雨,东北风转南风 5-6级转4-5级,4.5mm,34.2℃,27
宁波,2024/9/19,29℃,25℃,阴转雷阵雨,东北风转南风 4-5级,23mm,35.6℃,25
绍兴,2024/9/19,28℃,26℃,阴转雷阵雨,东北风转南风 4-5级转3-4级,20.3mm,31.4℃,33
台州,2024/9/19,29℃,25℃,阴转小雨,东北风转南风 4-5级,52.7mm,33.7℃,22
温州,2024/9/19,30℃,24℃,阴转小雨,西风转东风 3-4级,34.8mm,34.5℃,24
丽水,2024/9/19,30℃,25℃,阴转雷阵雨,东北风转东风 3-4级,48.6mm,30.6℃,30
金华,2024/9/19,34℃,25℃,阴转雷阵雨,东北风转西南风 4-5级转3-4级,2.2mm,32.7℃,35
衢州,2024/9/19,31℃,25℃,阴转雷阵雨,东北风转东风 4-5级转3-4级,8.7mm,32.2℃,34
舟山,2024/9/19,30℃,26℃,阴转中雨,东北风转南风 5-6级转6-7级,24.7mm,32.2℃,28
合肥,2024/9/19,32℃,25℃,阴转小雨,东北风转北风 3-4级,0.5mm,35.9℃,35
蚌埠,2024/9/19,33℃,25℃,阴,东北风 3-4级,0mm,34.1℃,36
芜湖,2024/9/19,32℃,26℃,阴转小雨,东北风 4-5级转3-4级,0mm,36.3℃,32
淮南,2024/9/19,33℃,25℃,阴,东北风转北风 3-4级,0.1mm,36℃,45
马鞍山,2024/9/19,31℃,25℃,阴转小雨,东北风 3-4级,0.5mm,37.3℃,37
安庆,2024/9/19,32℃,25℃,阴转小雨,东北风转北风 3-4级转4-5级,0.8mm,33.1℃,38
宿州,2024/9/19,32℃,25℃,阴,东北风 <3级转4-5级,0.3mm,34.9℃,31
阜阳,2024/9/19,32℃,24℃,阴,东北风 3-4级,0.6mm,35.8℃,44
亳州,2024/9/19,30℃,24℃,阴,东北风 <3级转3-4级,2.7mm,34.1℃,32
黄山,2024/9/19,20℃,16℃,阴转小雨,东北风转北风 4-5级转<3级,8mm,17.8℃,46
滁州,2024/9/19,32℃,26℃,阴转小雨,东北风 3-4级,0.4mm,35℃,29
淮北,2024/9/19,32℃,24℃,阴,东北风 <3级转3-4级,0mm,34.5℃,33
铜陵,2024/9/19,32℃,26℃,阴转小雨,东北风转北风 3-4级,4mm,34℃,44
宣城,2024/9/19,32℃,25℃,阴转小雨,东北风 3-4级,2.6mm,35.7℃,32
六安,2024/9/19,31℃,24℃,雾转小雨,东北风转北风 3-4级,0.7mm,36.1℃,46
池州,2024/9/19,32℃,25℃,阴转小雨,东北风 3-4级,2.2mm,35.6℃,38
上海,2024/9/20,28℃,25℃,阴转中雨,无持续风向 <3级,124.5mm,33.6℃,25
南京,2024/9/20,30℃,24℃,阴,西北风转北风 5-6级,9.4mm,34.1℃,34
无锡,2024/9/20,29℃,24℃,阴转小雨,西南风转北风 <3级,18.3mm,32.4℃,19
镇江,2024/9/20,30℃,23℃,阴,西北风转北风 <3级,6mm,#NAME?,22
苏州,2024/9/20,29℃,24℃,阴转小雨,西南风转北风 7-8级转<3级,50.5mm,30.5℃,25
南通,2024/9/20,27℃,24℃,阴转小雨,南风转北风 <3级转5-6级,83.8mm,28.5℃,18
扬州,2024/9/20,30℃,22℃,阴转多云,北风 <3级,7.2mm,35.3℃,21
盐城,2024/9/20,30℃,22℃,阴,北风 <3级转3-4级,15.3mm,35.1℃,19
徐州,2024/9/20,31℃,19℃,阴,北风 <3级,53.9mm,37.1℃,48
淮安,2024/9/20,30℃,20℃,阴,北风 4-5级,0.8mm,33.4℃,29
连云港,2024/9/20,30℃,20℃,阴,东北风转北风 <3级转3-4级,0.3mm,34.6℃,27
常州,2024/9/20,29℃,23℃,阴,西南风转北风 3-4级转<3级,6.6mm,34.4℃,21
泰州,2024/9/20,30℃,22℃,阴,西北风转北风 <3级,1.3mm,34.5℃,20
宿迁,2024/9/20,31℃,20℃,雾转阴,北风 <3级,0mm,33.1℃,43
杭州,2024/9/20,33℃,25℃,阴转小雨,南风转西北风 3-4级,6.6mm,38.9℃,30
湖州,2024/9/20,31℃,25℃,阴转小雨,西南风转北风 4-5级,2.3mm,31.3℃,23
嘉兴,2024/9/20,29℃,26℃,阴转小到中雨,南风转西北风 4-5级,39.1mm,36.6℃,35
宁波,2024/9/20,32℃,25℃,阴转多云,南风 5-6级转4-5级,1.6mm,35.8℃,25
绍兴,2024/9/20,33℃,25℃,多云转小到中雨,西南风转西风 3-4级,3.2mm,39.5℃,31
台州,2024/9/20,32℃,26℃,阴转多云,东南风转南风 5-6级转3-4级,1.2mm,36.9℃,30
温州,2024/9/20,33℃,25℃,阴转多云,东南风转西北风 4-5级转3-4级,21.5mm,38.5℃,31
丽水,2024/9/20,32℃,25℃,阴转多云,东风 3-4级,13.5mm,38.4℃,69
金华,2024/9/20,33℃,26℃,阴转小雨,西风 3-4级,1.2mm,37.2℃,72
衢州,2024/9/20,32℃,26℃,阴转小雨,西南风转东风 4-5级转3-4级,0.6mm,39.4℃,81
舟山,2024/9/20,31℃,25℃,阴转多云,南风 6-7级转5-6级,0.2mm,33.2℃,20
合肥,2024/9/20,32℃,22℃,阴,北风 3-4级转4-5级,0mm,34℃,28
蚌埠,2024/9/20,31℃,21℃,阴,北风 3-4级转4-5级,0mm,33.7℃,34
芜湖,2024/9/20,31℃,24℃,阴,西北风转北风 3-4级转4-5级,1.2mm,33.9℃,26
淮南,2024/9/20,32℃,21℃,阴,北风 3-4级转4-5级,0mm,35.2℃,35
马鞍山,2024/9/20,30℃,23℃,阴,西北风转北风 3-4级转4-5级,1.8mm,34.7℃,29
安庆,2024/9/20,32℃,23℃,阴转小雨,北风 3-4级转5-6级,0.4mm,36.8℃,22
宿州,2024/9/20,32℃,19℃,阴,北风 3-4级转4-5级,0mm,36.1℃,46
阜阳,2024/9/20,32℃,18℃,阴转小雨,北风 3-4级转4-5级,0mm,35.8℃,39
亳州,2024/9/20,32℃,17℃,阴转小雨,北风 3-4级转5-6级,0mm,36.2℃,68
黄山,2024/9/20,21℃,17℃,阴转中雨,西北风转北风 3-4级转<3级,18.6mm,21℃,29
滁州,2024/9/20,31℃,21℃,阴,西北风转北风 3-4级转4-5级,6mm,36℃,36
淮北,2024/9/20,33℃,18℃,阴,北风 3-4级转4-5级,0mm,36.3℃,51
铜陵,2024/9/20,32℃,24℃,阴转小雨,西北风转北风 3-4级转4-5级,1.7mm,32.1℃,37
宣城,2024/9/20,31℃,24℃,阴转小雨,西风转北风 3-4级转4-5级,12mm,35.5℃,22
六安,2024/9/20,31℃,22℃,阴转小雨,西北风转北风 3-4级转4-5级,0mm,36.4℃,32
池州,2024/9/20,32℃,23℃,阴转小雨,西北风转东北风 <3级转4-5级,0.1mm,35℃,28
上海,2024/9/21,27℃,23℃,小雨转阴,北风 3-4级,0mm,32.4℃,20
南京,2024/9/21,26℃,18℃,阴转多云,北风 6-7级转5-6级,0.2mm,22.1℃,35
无锡,2024/9/21,26℃,20℃,阴转多云,北风 <3级,0.5mm,27.8℃,19
镇江,2024/9/21,25℃,18℃,阴转多云,北风 3-4级转<3级,0.3mm,#NAME?,28
苏州,2024/9/21,25℃,21℃,阴转多云,北风 <3级,0.3mm,26.6℃,18
南通,2024/9/21,26℃,22℃,阴,北风 5-6级转4-5级,1.3mm,25.9℃,17
扬州,2024/9/21,24℃,18℃,多云,北风 <3级,0.3mm,23.7℃,24
盐城,2024/9/21,23℃,19℃,阴转多云,北风 <3级,2.8mm,20.6℃,30
徐州,2024/9/21,22℃,14℃,多云转晴,北风 <3级,0.2mm,19.4℃,32
淮安,2024/9/21,24℃,16℃,晴,北风 5-6级,0mm,19.8℃,31
连云港,2024/9/21,24℃,16℃,晴,北风 3-4级转<3级,0.2mm,19.1℃,30
常州,2024/9/21,26℃,20℃,阴转多云,北风 3-4级转<3级,0.3mm,24.9℃,21
泰州,2024/9/21,24℃,19℃,多云,北风 <3级,0.1mm,23.7℃,22
宿迁,2024/9/21,24℃,16℃,多云转晴,北风 3-4级转<3级,0mm,18.5℃,25
杭州,2024/9/21,26℃,21℃,小雨转多云,北风 4-5级,0.9mm,32.3℃,20
湖州,2024/9/21,25℃,20℃,多云,北风转西北风 4-5级,0.3mm,30.4℃,22
嘉兴,2024/9/21,26℃,22℃,小雨转多云,北风转西北风 4-5级,0.8mm,32.2℃,20
宁波,2024/9/21,29℃,22℃,小雨,北风转西北风 4-5级,0.5mm,33.3℃,25
绍兴,2024/9/21,26℃,22℃,小到中雨转小雨,北风 4-5级,0.3mm,33.9℃,34
台州,2024/9/21,32℃,24℃,小雨,东北风转西北风 4-5级,0mm,32.3℃,32
温州,2024/9/21,33℃,24℃,雷阵雨,东南风转西北风 4-5级转3-4级,0mm,31.7℃,39
丽水,2024/9/21,29℃,22℃,小雨,北风 3-4级,0mm,31.7℃,32
金华,2024/9/21,28℃,23℃,小雨,东北风 4-5级转3-4级,0.1mm,33.4℃,39
衢州,2024/9/21,30℃,23℃,小雨转多云,东北风 5-6级转4-5级,0mm,32.9℃,27
舟山,2024/9/21,28℃,23℃,小雨,北风 6-7级,1.4mm,33℃,20
合肥,2024/9/21,28℃,16℃,阴转晴,北风 4-5级转3-4级,0.3mm,24.4℃,34
蚌埠,2024/9/21,28℃,15℃,多云转晴,北风 4-5级转3-4级,0mm,21.3℃,38
芜湖,2024/9/21,29℃,18℃,阴转多云,北风 4-5级转3-4级,0mm,27.3℃,30
淮南,2024/9/21,27℃,15℃,多云转晴,北风 4-5级转3-4级,1mm,22℃,51
马鞍山,2024/9/21,28℃,17℃,阴转多云,北风 4-5级转3-4级,0mm,25.7℃,32
安庆,2024/9/21,29℃,18℃,阴转多云,北风 5-6级转4-5级,1.1mm,29.3℃,28
宿州,2024/9/21,27℃,13℃,多云转晴,北风 4-5级转<3级,0.8mm,18℃,43
阜阳,2024/9/21,29℃,14℃,多云转晴,北风 4-5级转3-4级,2.2mm,14.8℃,75
亳州,2024/9/21,29℃,14℃,多云转晴,北风 4-5级转<3级,0.5mm,15.6℃,58
黄山,2024/9/21,18℃,9℃,小雨转阴,北风 5-6级,54.8mm,10.7℃,23
滁州,2024/9/21,27℃,16℃,阴转多云,北风 4-5级转3-4级,0mm,21.7℃,30
淮北,2024/9/21,28℃,14℃,多云转晴,北风 4-5级转3-4级,0mm,17.8℃,39
铜陵,2024/9/21,29℃,19℃,阴转多云,北风 4-5级转3-4级,0mm,31℃,40
宣城,2024/9/21,28℃,18℃,小雨转阴,北风 3-4级,2.3mm,31.4℃,22
六安,2024/9/21,28℃,16℃,阴转晴,北风 3-4级转<3级,4mm,20.6℃,71
池州,2024/9/21,28℃,18℃,阴转多云,北风 4-5级,0mm,31.8℃,30
